<?xml version='1.0' encoding='utf-8'?>
<authority_settings>
  <capitol_0>
    <text id="name" need_translate="false" value="Capitólio"/>
  </capitol_0>
  <capitol_10>
    <text id="name" need_translate="false" value="Capitólio do Estado de Georgia"/>
  </capitol_10>
  <capitol_1>
    <text id="name" need_translate="false" value="Capitólio do Estado de Alaska"/>
  </capitol_1>
  <capitol_11>
    <text id="name" need_translate="false" value="Capitólio do Estado de Hawaii"/>
  </capitol_11>
  <capitol_12>
    <text id="name" need_translate="false" value="Capitólio do Estado de Iowa"/>
  </capitol_12>
  <capitol_13>
    <text id="name" need_translate="false" value="Capitólio do Estado de Idaho"/>
  </capitol_13>
  <capitol_14>
    <text id="name" need_translate="false" value="Capitólio do Estado de Illinois"/>
  </capitol_14>
  <capitol_15>
    <text id="name" need_translate="false" value="Casa Estadual de Indiana"/>
  </capitol_15>
  <capitol_16>
    <text id="name" need_translate="false" value="Capitólio do Estado de Kansas"/>
  </capitol_16>
  <capitol_17>
    <text id="name" need_translate="false" value="Capitólio do Estado de Kentucky"/>
  </capitol_17>
  <capitol_18>
    <text id="name" need_translate="false" value="Capitólio do Estado de Louisiana"/>
  </capitol_18>
  <capitol_19>
    <text id="name" need_translate="false" value="Casa Estadual de Massachusetts"/>
  </capitol_19>
  <capitol_20>
    <text id="name" need_translate="false" value="Casa Estadual de Maryland"/>
  </capitol_20>
  <capitol_2>
    <text id="name" need_translate="false" value="Capitólio do Estado de Alabama"/>
  </capitol_2>
  <capitol_21>
    <text id="name" need_translate="false" value="Casa Estadual de Maine"/>
  </capitol_21>
  <capitol_22>
    <text id="name" need_translate="false" value="Capitólio do Estado de Michigan"/>
  </capitol_22>
  <capitol_23>
    <text id="name" need_translate="false" value="Capitólio do Estado de Minnesota"/>
  </capitol_23>
  <capitol_24>
    <text id="name" need_translate="false" value="Capitólio do Estado de Missouri"/>
  </capitol_24>
  <capitol_25>
    <text id="name" need_translate="false" value="Capitólio do Estado de Mississippi"/>
  </capitol_25>
  <capitol_26>
    <text id="name" need_translate="false" value="Capitólio do Estado de Montana"/>
  </capitol_26>
  <capitol_27>
    <text id="name" need_translate="false" value="Capitólio do Estado de  Carolina do Norte"/>
  </capitol_27>
  <capitol_28>
    <text id="name" need_translate="false" value="Capitólio do Estado da Dakota do Norte"/>
  </capitol_28>
  <capitol_29>
    <text id="name" need_translate="false" value="Capitólio do Estado de Nebraska"/>
  </capitol_29>
  <capitol_30>
    <text id="name" need_translate="false" value="Casa Estadual de Nova Hampshire"/>
  </capitol_30>
  <capitol_3>
    <text id="name" need_translate="false" value="Capitólio do Estado de Arkansas"/>
  </capitol_3>
  <capitol_31>
    <text id="name" need_translate="false" value="Casa Estadual de Nova Jersey"/>
  </capitol_31>
  <capitol_32>
    <text id="name" need_translate="false" value="Capitólio do Estado de Nova Mexico"/>
  </capitol_32>
  <capitol_33>
    <text id="name" need_translate="false" value="Capitólio do Estado de Nevada"/>
  </capitol_33>
  <capitol_34>
    <text id="name" need_translate="false" value="Capitólio do Estado de Nova York"/>
  </capitol_34>
  <capitol_35>
    <text id="name" need_translate="false" value="Casa Estadual de Ohio"/>
  </capitol_35>
  <capitol_36>
    <text id="name" need_translate="false" value="Capitólio do Estado de Oklahoma"/>
  </capitol_36>
  <capitol_37>
    <text id="name" need_translate="false" value="Capitólio do Estado de Oregon"/>
  </capitol_37>
  <capitol_38>
    <text id="name" need_translate="false" value="Capitólio do Estado de Pennsylvania"/>
  </capitol_38>
  <capitol_39>
    <text id="name" need_translate="false" value="Casa Estadual de Rhode Island"/>
  </capitol_39>
  <capitol_40>
    <text id="name" need_translate="false" value="Casa Estadual da Carolina do Sul"/>
  </capitol_40>
  <capitol_4>
    <text id="name" need_translate="false" value="Capitólio do Estado do Arizona"/>
  </capitol_4>
  <capitol_41>
    <text id="name" need_translate="false" value="Capitólio do Estado da Dakota do Sul"/>
  </capitol_41>
  <capitol_42>
    <text id="name" need_translate="false" value="Capitólio do Estado de Tennessee"/>
  </capitol_42>
  <capitol_43>
    <text id="name" need_translate="false" value="Capitólio do Estado do Texas"/>
  </capitol_43>
  <capitol_44>
    <text id="name" need_translate="false" value="Capitólio do Estado de Utah"/>
  </capitol_44>
  <capitol_45>
    <text id="name" need_translate="false" value="Capitólio do Estado da Virginia"/>
  </capitol_45>
  <capitol_46>
    <text id="name" need_translate="false" value="Casa Estadual de Vermont"/>
  </capitol_46>
  <capitol_47>
    <text id="name" need_translate="false" value="Capitólio do Estado de Washington"/>
  </capitol_47>
  <capitol_48>
    <text id="name" need_translate="false" value="Capitólio do Estado de Wisconsin"/>
  </capitol_48>
  <capitol_49>
    <text id="name" need_translate="false" value="Capitólio do Estado de Virginia do Oeste"/>
  </capitol_49>
  <capitol_50>
    <text id="name" need_translate="false" value="Capitólio do Estado de Wyoming"/>
  </capitol_50>
  <capitol_5>
    <text id="name" need_translate="false" value="Capitólio do Estado da California"/>
  </capitol_5>
  <capitol_6>
    <text id="name" need_translate="false" value="Capitólio do Estado de Colorado"/>
  </capitol_6>
  <capitol_7>
    <text id="name" need_translate="false" value="Capitólio do Estado de Connecticut"/>
  </capitol_7>
  <capitol_8>
    <text id="name" need_translate="false" value="Salão Legislativo de Delaware"/>
  </capitol_8>
  <capitol_9>
    <text id="name" need_translate="false" value="Capitólio do Estado de Florida  "/>
  </capitol_9>
  <legislature_0>
    <text id="lower_name" need_translate="false" value="Câmara dos Deputados"/>
    <text id="name" need_translate="false" value="Congresso dos EUA"/>
    <text id="upper_name" need_translate="false" value="Senado dos EUA"/>
  </legislature_0>
  <legislature_10>
    <text id="lower_name" need_translate="false" value="Câmara dos Deputados da Georgia"/>
    <text id="name" need_translate="false" value="Assembleia Geral da Georgia"/>
    <text id="upper_name" need_translate="false" value="Senado da Georgia"/>
  </legislature_10>
  <legislature_1>
    <text id="lower_name" need_translate="false" value="Câmara dos Deputados do Alaska"/>
    <text id="name" need_translate="false" value="Legislatura do Alaska"/>
    <text id="upper_name" need_translate="false" value="Senado do Alaska"/>
  </legislature_1>
  <legislature_11>
    <text id="lower_name" need_translate="false" value="Câmara dos Deputados do Hawaii"/>
    <text id="name" need_translate="false" value="Legislatura do Hawaii Legislatura"/>
    <text id="upper_name" need_translate="false" value="Senado do Hawaii"/>
  </legislature_11>
  <legislature_12>
    <text id="lower_name" need_translate="false" value="Câmara dos Deputados de Iowa"/>
    <text id="name" need_translate="false" value="Assembleia Geral de Iowa"/>
    <text id="upper_name" need_translate="false" value="Senado de Iowa"/>
  </legislature_12>
  <legislature_13>
    <text id="lower_name" need_translate="false" value="Câmara dos Deputados de Idaho"/>
    <text id="name" need_translate="false" value="Legislatura de Idaho"/>
    <text id="upper_name" need_translate="false" value="Senado de Idaho"/>
  </legislature_13>
  <legislature_14>
    <text id="lower_name" need_translate="false" value="Câmara dos Deputados da Illinois"/>
    <text id="name" need_translate="false" value="Assembleia da Illinois  Geral"/>
    <text id="upper_name" need_translate="false" value="Senado da Illinois"/>
  </legislature_14>
  <legislature_15>
    <text id="lower_name" need_translate="false" value="Câmara dos Deputados de Indiana"/>
    <text id="name" need_translate="false" value="Assembleia Geral de Indiana"/>
    <text id="upper_name" need_translate="false" value="Senado de Indiana"/>
  </legislature_15>
  <legislature_16>
    <text id="lower_name" need_translate="false" value="Câmara dos Deputados do Kansas"/>
    <text id="name" need_translate="false" value="Legislatura do Kansas"/>
    <text id="upper_name" need_translate="false" value="Senado do Kansas"/>
  </legislature_16>
  <legislature_17>
    <text id="lower_name" need_translate="false" value="Câmara dos Deputados de Kentucky"/>
    <text id="name" need_translate="false" value="Assembleia Geral de Kentucky"/>
    <text id="upper_name" need_translate="false" value="Senado de Kentucky"/>
  </legislature_17>
  <legislature_18>
    <text id="lower_name" need_translate="false" value="Câmara dos Deputados de Louisiana"/>
    <text id="name" need_translate="false" value="Legislatura de Louisiana"/>
    <text id="upper_name" need_translate="false" value="Senado de Louisiana"/>
  </legislature_18>
  <legislature_19>
    <text id="lower_name" need_translate="false" value="Câmara dos Deputados de Massachusetts"/>
    <text id="name" need_translate="false" value="Corte Geral de Massachusetts"/>
    <text id="upper_name" need_translate="false" value="Senado de Massachusetts"/>
  </legislature_19>
  <legislature_20>
    <text id="lower_name" need_translate="false" value="Câmara dos Delegados de Maryland"/>
    <text id="name" need_translate="false" value="Assembleia Geral de Maryland"/>
    <text id="upper_name" need_translate="false" value="Senado de Maryland"/>
  </legislature_20>
  <legislature_2>
    <text id="lower_name" need_translate="false" value="Câmara dos Deputados do Alabama"/>
    <text id="name" need_translate="false" value="Legislatura do Alabama"/>
    <text id="upper_name" need_translate="false" value="Senado do Alabama"/>
  </legislature_2>
  <legislature_21>
    <text id="lower_name" need_translate="false" value="Câmara dos Deputados de Maine"/>
    <text id="name" need_translate="false" value="Legislatura de Maine"/>
    <text id="upper_name" need_translate="false" value="Senado de Maine"/>
  </legislature_21>
  <legislature_22>
    <text id="lower_name" need_translate="false" value="Câmara dos Deputados de Michigan"/>
    <text id="name" need_translate="false" value="Legislatura de Michigan"/>
    <text id="upper_name" need_translate="false" value="Senado de Michigan"/>
  </legislature_22>
  <legislature_23>
    <text id="lower_name" need_translate="false" value="Câmara dos Deputados de Minnesota"/>
    <text id="name" need_translate="false" value="Legislatura de Minnesota"/>
    <text id="upper_name" need_translate="false" value="Senado de Minnesota"/>
  </legislature_23>
  <legislature_24>
    <text id="lower_name" need_translate="false" value="Câmara dos Deputados de Missouri"/>
    <text id="name" need_translate="false" value="Assembleia Geral de Missouri"/>
    <text id="upper_name" need_translate="false" value="Senado de Missouri"/>
  </legislature_24>
  <legislature_25>
    <text id="lower_name" need_translate="false" value="Câmara dos Deputados do Mississippi"/>
    <text id="name" need_translate="false" value="Assembleia Geral do Mississippi"/>
    <text id="upper_name" need_translate="false" value="Senado do Mississippi"/>
  </legislature_25>
  <legislature_26>
    <text id="lower_name" need_translate="false" value="Câmara dos Deputados de Montana"/>
    <text id="name" need_translate="false" value="Legislatura de Montana"/>
    <text id="upper_name" need_translate="false" value="Senado de Montana"/>
  </legislature_26>
  <legislature_27>
    <text id="lower_name" need_translate="false" value="Câmara dos Deputados da Carolina do Norte"/>
    <text id="name" need_translate="false" value="Assembleia Geral da Carolina do Norte"/>
    <text id="upper_name" need_translate="false" value="Senado da Carolina do Norte"/>
  </legislature_27>
  <legislature_28>
    <text id="lower_name" need_translate="false" value="Câmara dos Deputados da Dakota do Norte"/>
    <text id="name" need_translate="false" value="Assembleia Legislativa da Dakota do Norte"/>
    <text id="upper_name" need_translate="false" value="Senado da Dakota do Norte"/>
  </legislature_28>
  <legislature_29>
    <text id="name" need_translate="false" value="Legislatura do Nebraska"/>
    <text id="upper_name" need_translate="false" value="Senado do Nebraska"/>
  </legislature_29>
  <legislature_30>
    <text id="lower_name" need_translate="false" value="Câmara dos Deputados de Nova Hampshire"/>
    <text id="name" need_translate="false" value="Corte Geral de Nova Hampshire"/>
    <text id="upper_name" need_translate="false" value="Senado de Nova Hampshire"/>
  </legislature_30>
  <legislature_3>
    <text id="lower_name" need_translate="false" value="Câmara dos Deputados do Arkansas"/>
    <text id="name" need_translate="false" value="Assembleia Geral do Arkansas"/>
    <text id="upper_name" need_translate="false" value="Senado do Arkansas"/>
  </legislature_3>
  <legislature_31>
    <text id="lower_name" need_translate="false" value="Assembleia Geral de Nova Jersey"/>
    <text id="name" need_translate="false" value="Legislatura de Nova Jersey"/>
    <text id="upper_name" need_translate="false" value="Senado de Nova Jersey"/>
  </legislature_31>
  <legislature_32>
    <text id="lower_name" need_translate="false" value="Câmara dos Deputados do Novo Mexico"/>
    <text id="name" need_translate="false" value="Legislatura do Novo Mexico"/>
    <text id="upper_name" need_translate="false" value="Senado do Nova Mexico"/>
  </legislature_32>
  <legislature_33>
    <text id="lower_name" need_translate="false" value="Assembleia de Nevada"/>
    <text id="name" need_translate="false" value="Legislatura de Nevada"/>
    <text id="upper_name" need_translate="false" value="Senado de Nevada"/>
  </legislature_33>
  <legislature_34>
    <text id="lower_name" need_translate="false" value="Assembleia de Nova York"/>
    <text id="name" need_translate="false" value="Legislatura de Nova York"/>
    <text id="upper_name" need_translate="false" value="Senado de Nova York"/>
  </legislature_34>
  <legislature_35>
    <text id="lower_name" need_translate="false" value="Câmara dos Deputados de Ohio"/>
    <text id="name" need_translate="false" value="Assembleia Geral de Ohio"/>
    <text id="upper_name" need_translate="false" value="Senado de Ohio"/>
  </legislature_35>
  <legislature_36>
    <text id="lower_name" need_translate="false" value="Câmara dos Deputados de Oklahoma"/>
    <text id="name" need_translate="false" value="Legislatura de Oklahoma"/>
    <text id="upper_name" need_translate="false" value="Senado de Oklahoma"/>
  </legislature_36>
  <legislature_37>
    <text id="lower_name" need_translate="false" value="Câmara dos Deputados de Oregon"/>
    <text id="name" need_translate="false" value="Assembleia Legislativa de Oregon"/>
    <text id="upper_name" need_translate="false" value="Senado de Oregon"/>
  </legislature_37>
  <legislature_38>
    <text id="lower_name" need_translate="false" value="Câmara dos Deputados da Pennsylvania"/>
    <text id="name" need_translate="false" value="Assembleia Geral da Pennsylvania"/>
    <text id="upper_name" need_translate="false" value="Senado da Pennsylvania"/>
  </legislature_38>
  <legislature_39>
    <text id="lower_name" need_translate="false" value="Câmara dos Deputados de Rhode Island"/>
    <text id="name" need_translate="false" value="Assembleia Geral de Rhode Island"/>
    <text id="upper_name" need_translate="false" value="Senado de Rhode Island"/>
  </legislature_39>
  <legislature_40>
    <text id="lower_name" need_translate="false" value="Câmara dos Deputados da Carolina do Sul"/>
    <text id="name" need_translate="false" value="Assembleia Geral da Carolina do Sul"/>
    <text id="upper_name" need_translate="false" value="Senado da Carolina do Sul"/>
  </legislature_40>
  <legislature_4>
    <text id="lower_name" need_translate="false" value="Câmara dos Deputados do Arizona"/>
    <text id="name" need_translate="false" value="Legislatura do Arizona"/>
    <text id="upper_name" need_translate="false" value="Senado do Arizona"/>
  </legislature_4>
  <legislature_41>
    <text id="lower_name" need_translate="false" value="Câmara dos Deputados de Dakota do Sul"/>
    <text id="name" need_translate="false" value="Legislatura de Dakota do Sul"/>
    <text id="upper_name" need_translate="false" value="Senado de Dakota do Sul"/>
  </legislature_41>
  <legislature_42>
    <text id="lower_name" need_translate="false" value="Câmara dos Deputados de Tennessee"/>
    <text id="name" need_translate="false" value="Assembleia Geral de Tennessee"/>
    <text id="upper_name" need_translate="false" value="Senado de Tennessee"/>
  </legislature_42>
  <legislature_43>
    <text id="lower_name" need_translate="false" value="Câmara dos Deputados do Texas"/>
    <text id="name" need_translate="false" value="Legislatura do Texas"/>
    <text id="upper_name" need_translate="false" value="Senado do Texas"/>
  </legislature_43>
  <legislature_44>
    <text id="lower_name" need_translate="false" value="Câmara dos Deputados de Utah"/>
    <text id="name" need_translate="false" value="Legislatura de Utah"/>
    <text id="upper_name" need_translate="false" value="Senado de Utah"/>
  </legislature_44>
  <legislature_45>
    <text id="lower_name" need_translate="false" value="Casa dos Delegados da Virginia"/>
    <text id="name" need_translate="false" value="Assembleia Geral da Virginia"/>
    <text id="upper_name" need_translate="false" value="Senado da Virginia"/>
  </legislature_45>
  <legislature_46>
    <text id="lower_name" need_translate="false" value="Câmara dos Deputados de Vermont"/>
    <text id="name" need_translate="false" value="Assembleia Geral de Vermont"/>
    <text id="upper_name" need_translate="false" value="Senado de Vermont"/>
  </legislature_46>
  <legislature_47>
    <text id="lower_name" need_translate="false" value="Câmara dos Deputados de Washington"/>
    <text id="name" need_translate="false" value="Legislatura de Washington"/>
    <text id="upper_name" need_translate="false" value="Senado de Washington"/>
  </legislature_47>
  <legislature_48>
    <text id="lower_name" need_translate="false" value="Assembleia de Wisconsin"/>
    <text id="name" need_translate="false" value="Legislatura de Wisconsin"/>
    <text id="upper_name" need_translate="false" value="Senado de Wisconsin"/>
  </legislature_48>
  <legislature_49>
    <text id="lower_name" need_translate="false" value="Casa dos Delegados da Virginia do Oeste"/>
    <text id="name" need_translate="false" value="Legislatura da Virginia do Oeste"/>
    <text id="upper_name" need_translate="false" value="Senado da Virginia do Oeste"/>
  </legislature_49>
  <legislature_50>
    <text id="lower_name" need_translate="false" value="Câmara dos Deputados de Wyoming"/>
    <text id="name" need_translate="false" value="Legislatura de Wyoming"/>
    <text id="upper_name" need_translate="false" value="Senado de Wyoming"/>
  </legislature_50>
  <legislature_5>
    <text id="lower_name" need_translate="false" value="Assembleia da California"/>
    <text id="name" need_translate="false" value="Legislatura da California"/>
    <text id="upper_name" need_translate="false" value="Senado da California"/>
  </legislature_5>
  <legislature_6>
    <text id="lower_name" need_translate="false" value="Câmara dos Deputados do Colorado"/>
    <text id="name" need_translate="false" value="Assembleia Geral do Colorado"/>
    <text id="upper_name" need_translate="false" value="Senado do Colorado"/>
  </legislature_6>
  <legislature_7>
    <text id="lower_name" need_translate="false" value="Câmara dos Deputados de Connecticut"/>
    <text id="name" need_translate="false" value="Assembleia Geral de Connecticut"/>
    <text id="upper_name" need_translate="false" value="Senado de Connecticut"/>
  </legislature_7>
  <legislature_8>
    <text id="lower_name" need_translate="false" value="Câmara dos Deputados de Delaware"/>
    <text id="name" need_translate="false" value="Assembleia Geral de Delaware"/>
    <text id="upper_name" need_translate="false" value="Senado de Delaware"/>
  </legislature_8>
  <legislature_9>
    <text id="lower_name" need_translate="false" value="Câmara dos Deputados da Florida"/>
    <text id="name" need_translate="false" value="Legislatura da Flórida"/>
    <text id="upper_name" need_translate="false" value="Senado da Flórida"/>
  </legislature_9>
</authority_settings>
