<?xml version="1.0" encoding="UTF-8"?>
<citations>
  <citations>
    <text id="1_1" need_translate="false" value="Quando faço o bem, me sinto bem; quando faço o mal, me sinto mal, e essa é minha religião."/>
    <text id="1_2" need_translate="false" value="Hipócrita - o homem que matou ambos os pais e depois pediu clemência alegando que era órfão."/>
    <text id="1_3" need_translate="false" value="Você pode enganar todas as pessoas por algum tempo, e parte das pessoas o tempo todo, mas não todas as pessoas o tempo todo."/>
    <text id="1_4" need_translate="false" value="A ovelha e o lobo não concordam sobre a definição da palavra liberdade; e exatamente a mesma diferença prevalece hoje entre os seres humanos."/>
    <text id="1_5" need_translate="false" value="O caráter é como uma árvore e a reputação como uma sombra."/>
    <text id="1_6" need_translate="false" value="Quase todos os homens conseguem suportar a adversidade, mas se você quer testar o caráter de um homem, dê-lhe poder."/>
    <text id="1_7" need_translate="false" value="Você não pode falhar, se decidir resolutamente que não o fará."/>
    <text id="1_8" need_translate="false" value="Destruo meus inimigos quando os faço meus amigos."/>
    <text id="2_1" need_translate="false" value="Qualidade significa fazer certo quando ninguém está olhando."/>
    <text id="2_10" need_translate="false" value="Pensar é o trabalho mais difícil que existe, o que provavelmente é a razão pela qual tão poucos se dedicam a isso."/>
    <text id="2_2" need_translate="false" value="É o suficiente que as pessoas da nação não entendam nosso sistema bancário e monetário, pois se o fizessem, acredito que haveria uma revolução antes de amanhã de manhã."/>
    <text id="2_3" need_translate="false" value="Não é o empregador quem paga os salários. Os empregadores apenas manuseiam o dinheiro. São os clientes que pagam os salários."/>
    <text id="2_4" need_translate="false" value="O ar está cheio de ideias. Elas estão batendo na sua cabeça o tempo todo. Você só precisa saber o que quer, depois esquecê-lo e seguir com seu trabalho. De repente, a ideia aparecerá. Estava lá o tempo todo."/>
    <text id="2_6" need_translate="false" value="Homens mais velhos estão sempre aconselhando os jovens a economizar dinheiro. Isso é um mau conselho. Não economize cada centavo. Invista em você mesmo. Eu nunca economizei um dólar até os quarenta anos."/>
    <text id="2_7" need_translate="false" value="Quando tudo parece estar contra você, lembre-se de que o avião decola contra o vento, e não com ele."/>
    <text id="2_8" need_translate="false" value="O fracasso é simplesmente a oportunidade de começar novamente, desta vez de maneira mais inteligente."/>
    <text id="2_9" need_translate="false" value="Um negócio que só faz dinheiro é um negócio pobre."/>
    <text id="3_1" need_translate="false" value="Não acho que haja qualquer outra qualidade tão essencial para o sucesso de qualquer tipo quanto a qualidade da perseverança. Ela supera quase tudo, até a natureza."/>
    <text id="3_2" need_translate="false" value="Não tenha medo de grandes despesas, mas de uma pequena renda."/>
    <text id="3_3" need_translate="false" value="Eu prefiro ganhar 1% dos esforços de 100 pessoas do que 100% dos meus próprios esforços."/>
    <text id="3_4" need_translate="false" value="Eu prefiro contratar um homem com entusiasmo do que um homem que sabe tudo."/>
    <text id="3_5" need_translate="false" value="Eu posso relatar por cada milhão ganho por mim, exceto o primeiro."/>
    <text id="3_6" need_translate="false" value="A pessoa que trabalha o dia todo não tem tempo para ganhar dinheiro."/>
    <text id="3_7" need_translate="false" value="A capacidade de lidar com pessoas é uma mercadoria tão comprável quanto açúcar ou café, e eu pagarei mais por essa habilidade do que por qualquer outra sob o sol."/>
    <text id="3_8" need_translate="false" value="Sempre tentei transformar cada desastre em uma oportunidade."/>
    <text id="4_1" need_translate="false" value="É mais fácil enganar as pessoas do que convencê-las de que foram enganadas."/>
    <text id="4_10" need_translate="false" value="Se as eleições dependessem de algo, não seríamos autorizados a participar delas."/>
    <text id="4_11" need_translate="false" value="Sou contrário aos milionários, mas seria perigoso me oferecer o cargo."/>
    <text id="4_12" need_translate="false" value="A honestidade é a melhor política - quando há dinheiro envolvido."/>
    <text id="4_2" need_translate="false" value="Nunca permita que alguém seja sua prioridade enquanto você se torna uma opção para eles."/>
    <text id="4_3" need_translate="false" value="A verdade deve ser dirigida ao caminho que serve ao casaco, e não na cara como uma toalha molhada."/>
    <text id="4_4" need_translate="false" value="Um banqueiro é um sujeito que lhe empresta o guarda-chuva quando o sol está brilhando, mas o quer de volta no momento em que começa a chover."/>
    <text id="4_5" need_translate="false" value="O ser humano é o único animal que ama seu vizinho como a si mesmo e corta sua garganta se sua teologia não estiver certa."/>
    <text id="4_6" need_translate="false" value="Todos os partidos políticos morrem no final de tanto engolir suas próprias mentiras."/>
    <text id="4_7" need_translate="false" value="Sejamos gratos pelos tolos. Sem eles, o resto de nós não conseguiria ter sucesso."/>
    <text id="4_8" need_translate="false" value="Afaste-se de pessoas que tentam diminuir suas ambições. Pessoas pequenas sempre fazem isso, mas as realmente grandes fazem você sentir que você também pode se tornar grande."/>
    <text id="4_9" need_translate="false" value="Uma mentira pode viajar pela metade do mundo enquanto a verdade está colocando os sapatos."/>
    <text id="5_1" need_translate="false" value="Se não houver guerra, você não terá o grande general; se não houver uma grande ocasião, você não terá um grande estadista; se Lincoln tivesse vivido em um tempo de paz, ninguém teria conhecido seu nome."/>
    <text id="5_10" need_translate="false" value="Nunca houve um homem em nossa história que tenha levado uma vida fácil cujo nome valha a pena ser lembrado."/>
    <text id="5_2" need_translate="false" value="Entre em ação. Aproveite o momento. O homem nunca foi destinado a se tornar uma ostra."/>
    <text id="5_3" need_translate="false" value="O político mais bem-sucedido é aquele que diz o que as pessoas estão pensando com mais frequência e com a voz mais alta."/>
    <text id="5_4" need_translate="false" value="Um homem que nunca foi à escola pode roubar de um vagão de carga; mas se ele tiver uma educação universitária, ele pode roubar toda a ferrovia."/>
    <text id="5_5" need_translate="false" value="Na política, você precisa fazer muitas coisas que não deveriam ser feitas."/>
    <text id="5_6" need_translate="false" value="Se uma pessoa vive honestamente e trabalha de forma que aqueles que dependem dela e estão ligados a ela vivam melhor porque ela vive no mundo, então podemos dizer que tal pessoa teve sucesso na vida."/>
    <text id="5_7" need_translate="false" value="O ingrediente mais importante na fórmula do sucesso é saber como se dar bem com as pessoas."/>
    <text id="5_8" need_translate="false" value="Que seja melhor que os empresários conduzam seus negócios de forma honesta do que deem parte dos lucros excessivos para a caridade."/>
    <text id="5_9" need_translate="false" value="Eu acho que só há uma qualidade pior do que dureza de coração e essa é a suavidade de cabeça."/>
    <text id="6_1" need_translate="false" value="Ao demitir um CEO, lembre-se de sua compensação, que será deduzida dos fundos da empresa."/>
    <text id="6_10" need_translate="false" value="Ao aumentar a lealdade dos personagens, você aumenta a probabilidade de apoio às suas propostas nas votações nas empresas e o número de rodadas nas negociações para compra de ações."/>
    <text id="6_11" need_translate="false" value="Ao conceder empréstimos a personagens, é necessário levar em conta que eles podem não devolvê-los. Nesse caso, o agente Coletor pode ajudar. Fique de olho nos empréstimos emitidos no correio e na seção de Ativos."/>
    <text id="6_12" need_translate="false" value="Você pode aumentar as finanças de uma empresa emitindo ações. Esta é uma maneira legal de investir seus próprios fundos, ou os fundos de investidores terceiros, no desenvolvimento da empresa."/>
    <text id="6_13" need_translate="false" value="Se alguém não devolver a dívida para você, então você deve entrar em contato com o agente 'Coletor'. Ele tentará extrair o máximo do devedor, mas se ele não tiver dinheiro suficiente, ele pagará o quanto tiver."/>
    <text id="6_14" need_translate="false" value="A agente 'Cortesã' é capaz de diminuir os níveis de habilidades básicas (Economia, Diplomacia, Política) do personagem selecionado por 90 dias."/>
    <text id="6_15" need_translate="false" value="Com a ajuda do agente 'Detetive' você pode obter informações sobre qualquer personagem. Quanto menor a reputação do alvo, maior a probabilidade de sucesso."/>
    <text id="6_16" need_translate="false" value="Se você precisar aumentar ou diminuir a reputação de um personagem, deve entrar em contato com o agente 'Jornalista'. Com a ajuda de material comprometedor, ele é capaz de reduzir sua reputação a 0."/>
    <text id="6_17" need_translate="false" value="O agente 'Sabotador' é capaz de sabotar uma empresa concorrente, destruindo até 50% dos empregos. Use-o para esmagar seus concorrentes."/>
    <text id="6_18" need_translate="false" value="Há um agente 'Atirador' à sua disposição. Com a ajuda dele, você pode eliminar o alvo, na esperança de que seja possível negociar com o herdeiro dele."/>
    <text id="6_19" need_translate="false" value="Com a ajuda do agente 'Financista', sua empresa pode evitar pagar impostos no trimestre atual. No entanto, se a fraude financeira falhar, a empresa receberá uma multa no valor dos impostos não pagos."/>
    <text id="6_2" need_translate="false" value="Mesmo como acionista minoritário, você pode oferecer aos acionistas expandir a empresa, aumentando o número de empregos."/>
    <text id="6_20" need_translate="false" value="Se você quiser tornar o personagem escolhido leal, evitando despesas desnecessárias, use o agente 'Bandido'. Se tiver sucesso, o personagem se tornará o mais leal possível a você. No entanto, se falhar, você perderá sua reputação e fará outro inimigo."/>
    <text id="6_21" need_translate="false" value="O agente 'Bispo' ajudará a aumentar a lealdade do personagem escolhido, mesmo que ele seja seu inimigo. No entanto, seu alvo deve ser um crente."/>
    <text id="6_22" need_translate="false" value="Se você quiser promover rapidamente o projeto de lei no parlamento, use o agente 'Lobbista'. Ele tentará obter o número necessário de votos dos políticos para passar o projeto."/>
    <text id="6_23" need_translate="false" value="Com a ajuda do 'Corretor', você pode aumentar ou diminuir o preço das ações da empresa selecionada por vários dias."/>
    <text id="6_24" need_translate="false" value="Diante de uma greve, você pode usar o agente 'Pianista' para encerrar instantaneamente a greve atual e reduzir suas chances por 4 trimestres. Mas lembre-se de que, em caso de falha, o risco de uma greve na empresa aumentará 2 vezes!"/>
    <text id="6_25" need_translate="false" value="Se seus fundos não forem suficientes para cobrir todas as suas obrigações de dívida, você será declarado falido e perderá."/>
    <text id="6_26" need_translate="false" value="O salário pago ao CEO de uma empresa depende das habilidades dele e do número de especializações. Além disso, com o tempo, o CEO da empresa pode pedir um aumento salarial."/>
    <text id="6_27" need_translate="false" value="A inclusão de empresas em um cartel aumentará significativamente o preço de venda de seus produtos. No entanto, há uma chance de multa devido à divulgação de colusão por seus detratores."/>
    <text id="6_28" need_translate="false" value="Se for difícil encontrar uma abordagem para algum político ou oficial, talvez seu sucessor seja mais acessível. Além da remoção legal por impeachment de um oficial, você pode usar chantagem, transferir material compromissor para o promotor ou até mesmo contratar um assassinato."/>
    <text id="6_29" need_translate="false" value="Os subsídios recebidos pela empresa do governo durante um ano inteiro compensam uma parte dos juros pagos em todos os empréstimos à empresa subsidiada."/>
    <text id="6_3" need_translate="false" value="Para obter contatos de agentes úteis - cumpra as ambições de outros personagens. Sempre haverá alguém que precise de um empréstimo ou de um item que você comprou em um leilão."/>
    <text id="6_30" need_translate="false" value="O contrato estatal assinado pela empresa com o governo durante um ano inteiro aumenta consideravelmente o preço de venda dos produtos da empresa."/>
    <text id="6_31" need_translate="false" value="Oficiais com lealdade máxima irão ajudá-lo a obter contratos governamentais lucrativos e subsídios para suas empresas ou evitar as consequências de acidentes e greves. Mas deve-se temer a exposição de tal «ajuda» por inimigos."/>
    <text id="6_32" need_translate="false" value="A adoção da lei sobre a nomeação de um oficial pelo governador do estado permite que você nomeie um oficial entre os personagens leais, se o governador for o mais leal possível a você."/>
    <text id="6_33" need_translate="false" value="A adoção de leis para aumentar o mandato ou o número máximo de mandatos permitirá que oficiais leais a você ocupem o cargo por mais tempo."/>
    <text id="6_34" need_translate="false" value="Com o tempo, muitas leis estão sendo aprovadas que aumentam os direitos dos trabalhadores, o que afeta negativamente as empresas. Como um verdadeiro capitalista, você deve evitar sua adoção ou cancelá-las na primeira oportunidade."/>
    <text id="6_35" need_translate="false" value="Os impostos pagos pela empresa afetam significativamente o lucro líquido. Os impostos podem ser reduzidos pela adoção de leis apropriadas, ou até mesmo evitar pagamentos por um tempo com a ajuda de um agente «Financista»."/>
    <text id="6_36" need_translate="false" value="A adoção de leis para aumentar/diminuir o financiamento estatal para medicina, saúde, educação ou infraestrutura afeta os custos das empresas estatais."/>
    <text id="6_37" need_translate="false" value="Quanto mais a empresa cresce, mais caro será comprar a parte dos outros acionistas. Tenha isso em mente ao votar pela expansão da empresa."/>
    <text id="6_38" need_translate="false" value="Ao combinar empresas em um truste, você pode aumentar significativamente os lucros de todas as empresas do truste devido ao desenvolvimento geral e mais rápido das tecnologias."/>
    <text id="6_39" need_translate="false" value="O patrocínio também é um investimento. Quanto mais cedo você começar a financiar a abertura de instalações de patrocínio nos estados, mais renome e, portanto, influência, você ganhará ao longo do tempo."/>
    <text id="6_4" need_translate="false" value="O CEO é capaz de controlar pessoalmente o progresso do desenvolvimento da tecnologia. Basta movê-lo para o slot correto de tecnologia na janela de estatísticas da empresa e ele começará a desenvolvê-la ativamente. Mas note que você precisará gastar influência para fazer com que o CEO o ouça."/>
    <text id="6_40" need_translate="false" value="Não se esqueça de verificar sua correspondência. Entre os e-mails, você pode encontrar tanto cartas sobre mudanças nos relacionamentos com personagens, quanto jornais com notícias úteis das quais você pode se beneficiar."/>
    <text id="6_41" need_translate="false" value="A adoção de leis que reduzem as tarifas de exportação e aumentam as tarifas de importação de um produto levará ao aumento de seu preço."/>
    <text id="6_42" need_translate="false" value="Você pode pressionar um oponente a sair de uma empresa ao assumir essa empresa com outra que você possui."/>
    <text id="6_43" need_translate="false" value="Após comprar com sucesso um item de luxo em um leilão, você pode ganhar dinheiro revendendo-o para outros colecionadores."/>
    <text id="6_44" need_translate="false" value="Para simplificar o controle nas etapas posteriores do jogo, vale a pena combinar empresas em uma só por meio de fusões ou aquisições."/>
    <text id="6_45" need_translate="false" value="Altos dividendos em uma empresa fazem sentido com reservas suficientes. Com pequenas reservas, a empresa pode ser vulnerável à queda de preços de produtos ou emergências da empresa."/>
    <text id="6_46" need_translate="false" value="Ao melhorar as tecnologias, é possível aumentar o lucro da empresa reduzindo custos, aumentando a receita com a venda de produtos, aumentando o volume de produção e também melhorar as chances de obter um empréstimo com uma taxa mais favorável."/>
    <text id="6_47" need_translate="false" value="Você pode liderar pessoalmente uma empresa, mas para isso você precisará obter a maioria dos votos na reunião de acionistas."/>
    <text id="6_48" need_translate="false" value="Políticos leais podem ser úteis não apenas na votação de leis, mas também pela influência que têm e transmitem a você."/>
    <text id="6_49" need_translate="false" value="Se as reservas da empresa forem insuficientes para pagar todas as despesas, a empresa é declarada falida e seus ativos são vendidos para quitar as dívidas."/>
    <text id="6_5" need_translate="false" value="Para saber qual participação de mercado sua empresa ocupa, abra a aba financeira no menu da empresa."/>
    <text id="6_6" need_translate="false" value="Cuide da sua reputação. Esse é um parâmetro importante no qual sua influência depende."/>
    <text id="6_7" need_translate="false" value="Para controlar seus ativos remotamente, compre escritórios em diferentes estados. Sem eles, você não conseguirá gerenciar adequadamente seus ativos em diferentes partes do país."/>
    <text id="6_8" need_translate="false" value="Cada estado tem sua própria gama de recursos extraídos. Tenha isso em mente ao investir em ações de empresas locais."/>
    <text id="6_9" need_translate="false" value="Procure completar as conquistas para obter pontos de habilidade. As habilidades expandirão significativamente suas oportunidades no jogo."/>
    <text id="8_1" need_translate="false" value="Você pode tirar de mim todas as minhas fábricas, todos os meus capitais, tudo o que tenho. Mas deixe-me cinco dos meus melhores gerentes, e você não terá tempo de acordar, pois estarei novamente à frente de todos."/>
    <text id="8_2" need_translate="false" value="A riqueza excedente é um fundo sagrado o qual seu possuidor é obrigado a administrar durante sua vida para o bem da comunidade."/>
    <text id="8_3" need_translate="false" value="O homem não deve ter ídolos e acumular riqueza é uma das piores formas de idolatria! Nenhum ídolo é mais degradante do que o culto ao dinheiro!"/>
    <text id="8_4" need_translate="false" value="Aqui jaz aquele que soube cercar-se de homens mais inteligentes do que ele."/>
    <text id="8_5" need_translate="false" value="Nenhuma habilidade e oportunidade importam se a pessoa for rica."/>
    <text id="8_6" need_translate="false" value="Você espera mover toneladas de terra para encontrar uma onça de ouro, mas não entra na mina procurando terra - entra procurando o ouro."/>
    <text id="8_7" need_translate="false" value="Se eu continuar me dedicando totalmente às questões de negócios focando em ganhar dinheiro, logo vou me degenerar sem qualquer esperança de reviver."/>
    <text id="8_8" need_translate="false" value="Lembre-se desta importante regra: as despesas devem sempre estar dentro dos limites da receita."/>
    <text id="8_9" need_translate="false" value="O dever das pessoas ricas é dar exemplo de modéstia e não ser arrogante."/>
  </citations>
  <person_1>
    <text id="name" need_translate="false" value="Abraham"/>
    <text id="surname" need_translate="false" value="Lincoln"/>
  </person_1>
  <person_2>
    <text id="name" need_translate="false" value="Henry"/>
    <text id="surname" need_translate="false" value="Ford"/>
  </person_2>
  <person_3>
    <text id="name" need_translate="false" value="John"/>
    <text id="surname" need_translate="false" value="Rockefeller"/>
  </person_3>
  <person_4>
    <text id="name" need_translate="false" value="Mark"/>
    <text id="surname" need_translate="false" value="Twain"/>
  </person_4>
  <person_5>
    <text id="name" need_translate="false" value="Theodore"/>
    <text id="surname" need_translate="false" value="Roosevelt"/>
  </person_5>
  <person_6>
    <text id="name" need_translate="false" value="Gwen"/>
    <text id="surname" need_translate="false" value="Spacey"/>
  </person_6>
  <person_8>
    <text id="name" need_translate="false" value="Andrew"/>
    <text id="surname" need_translate="false" value="Carnegie"/>
  </person_8>
</citations>
