<?xml version="1.0" encoding="UTF-8"?>
<company_technologies>
  <technology_0>
    <text id="description" need_translate="false" value="Em desenvolvimento"/>
    <text id="name" need_translate="false" value="Eficácia da publicidade"/>
  </technology_0>
  <technology_10>
    <text id="description" need_translate="false" value="Em desenvolvimento"/>
    <text id="name" need_translate="false" value="Manutenção"/>
  </technology_10>
  <technology_1>
    <text id="description" need_translate="false" value="Se seus trabalhadores realmente gostarem de estar na sua empresa, a produtividade aumentará"/>
    <text id="name" need_translate="false" value="Motivação"/>
  </technology_1>
  <technology_11>
    <text id="description" need_translate="false" value="Em desenvolvimento"/>
    <text id="name" need_translate="false" value="Automação"/>
  </technology_11>
  <technology_2>
    <text id="description" need_translate="false" value="Condições de trabalho severas afetam a produtividade dos trabalhadores e, geralmente, levam a uma greve"/>
    <text id="name" need_translate="false" value="Condições de trabalho"/>
  </technology_2>
  <technology_3>
    <text id="description" need_translate="false" value="Priorizar a segurança no local de trabalho reduzirá a taxa de acidentes."/>
    <text id="name" need_translate="false" value="Segurança"/>
  </technology_3>
  <technology_4>
    <text id="description" need_translate="false" value="Os clientes apreciam e pagam mais por padrões mais elevados de qualidade."/>
    <text id="name" need_translate="false" value="Qualidade"/>
  </technology_4>
  <technology_5>
    <text id="description" need_translate="false" value="A goodwill representa a imagem da empresa conforme percebida pelo governo, outras empresas e o público em geral."/>
    <text id="name" need_translate="false" value="Goodwill"/>
  </technology_5>
  <technology_6>
    <text id="description" need_translate="false" value="Melhorar as práticas de recrutamento reduzirá progressivamente os custos com funcionários ao longo do tempo"/>
    <text id="name" need_translate="false" value="Contratação"/>
  </technology_6>
  <technology_7>
    <text id="description" need_translate="false" value="Desenvolver a logística melhorará a distribuição e a demanda pelos produtos e serviços da empresa."/>
    <text id="name" need_translate="false" value="Logística"/>
  </technology_7>
  <technology_8>
    <text id="description" need_translate="false" value="Esta estratégia foca em aumentar os limites para: ações emitidas e títulos. Além disso, visa aumentar o valor dos títulos (reduzindo, assim, as taxas de juros)."/>
    <text id="name" need_translate="false" value="Atratividade de investimentos"/>
  </technology_8>
  <technology_9>
    <text id="description" need_translate="false" value="Práticas aprimoradas de refino e processamento reduzem efetivamente os insumos necessários, diminuindo assim os custos."/>
    <text id="name" need_translate="false" value="Qualidade de refino"/>
  </technology_9>
</company_technologies>
