<?xml version="1.0" encoding="UTF-8"?>
<crimes>
  <crime_type>
    <text id="burn" need_translate="false" value="Incêndio provocado"/>
    <text id="corruption" need_translate="false" value="Corrupção"/>
    <text id="extortion" need_translate="false" value="Extorsão"/>
    <text id="manipulation" need_translate="false" value="Manipulação"/>
    <text id="murder" need_translate="false" value="Assassinato"/>
    <text id="negligence" need_translate="false" value="Negligência"/>
    <text id="persecution" need_translate="false" value="Perseguição"/>
    <text id="robbery" need_translate="false" value="Roubo"/>
    <text id="slander" need_translate="false" value="Difamação"/>
  </crime_type>
  <hints>
    <text id="government_contract" need_translate="false" value="O contrato assinado pelo governador {person} permitirá que a empresa ganhe uma vantagem competitiva e venda produtos a preços inflacionados ao longo do ano."/>
    <text id="hint" need_translate="false" value="&lt;br&gt;&lt;br&gt;{hint}"/>
    <text id="police_chief_deal" need_translate="false" value="O chefe de polícia pode plantar evidências para chantagear e manipular um personagem"/>
    <text id="prosecutor_investigation" need_translate="false" value="Se o promotor for seu fantoche, você pode usá-lo para forçar um oficial a renunciar. Basta iniciar uma investigação..."/>
    <text id="treasurer_grant" need_translate="false" value="O tesoureiro {treasurer} pode fornecer financiamento preferencial à empresa, subsidiando os pagamentos de juros dos empréstimos da empresa durante o ano. A força do efeito depende do nível da sua habilidade &quot;Empréstimos&quot;."/>
    <text id="use_an_agent" need_translate="false" value="Clique neste botão para aplicar um dos agentes à empresa."/>
  </hints>
  <other>
    <text id="applies_to_yourself" need_translate="false" value="Você não pode usar o oficial dessa maneira!"/>
    <text id="btn_ok" need_translate="false" value="Ok"/>
    <text id="compromat_already_gained" need_translate="false" value="{person_name} já está comprometido!"/>
    <text id="contract_already_applied" need_translate="false" value="O contrato governamental com a empresa {company_name} já foi concluído antes de {date}!"/>
    <text id="corrupted_earlier" need_translate="false" value="Parece que já há um caso! Talvez revisite em {date}"/>
    <text id="dummy_not_possible" need_translate="false" value="{person_name} nunca será completamente leal a você!"/>
    <text id="grant_already_received" need_translate="false" value="A empresa {company_name} já recebe um subsídio do estado antes de {date}!"/>
    <text id="honest_person" need_translate="false" value="{person_name} não pode ser corrompido!"/>
    <text id="influence_requirements" need_translate="false" value="Influência necessária: %1 %2"/>
    <text id="money_requirements" need_translate="false" value="Soma do suborno: %1"/>
    <text id="not_enough_evidence" need_translate="false" value="Não há evidências comprometedoras para encaminhar o caso ao promotor!"/>
    <text id="official_is_not_dummy" need_translate="false" value="{official_type} do estado {state} não é leal o suficiente a você!"/>
    <text id="person_is_not_authority" need_translate="false" value="Dirt só pode ser usado em oficiais e políticos!"/>
    <text id="player_is_not_ceo" need_translate="false" value="Você não lidera a {company_name} ou a empresa que a controla!"/>
    <text id="player_is_not_main_shareholder" need_translate="false" value="Você não é o principal acionista da {company_name}!"/>
    <text id="player_is_not_shareholder" need_translate="false" value="Você não é um acionista da {company_name}!"/>
    <text id="skill_is_not_learned" need_translate="false" value="A habilidade {skill_name} não foi aprendida!"/>
  </other>
  <popup>
    <text id="break_up_strike_popup_fail_header" need_translate="false" value="Repressão"/>
    <text id="break_up_strike_popup_fail_text" need_translate="false" value="Houve um confronto entre a polícia e os grevistas. A polícia foi forçada a recuar"/>
    <text id="break_up_strike_popup_success_header" need_translate="false" value="Repressão"/>
    <text id="break_up_strike_popup_success_text" need_translate="false" value="A polícia convocou o batalhão de choque! Como resultado, os grevistas voltaram ao trabalho"/>
    <text id="hide_accident_popup_fail_header" need_translate="false" value="Esconder acidente"/>
    <text id="hide_accident_popup_fail_text" need_translate="false" value="O promotor tentou arquivar o caso, mas parece que o governo forçou sua mão."/>
    <text id="hide_accident_popup_success_header" need_translate="false" value="Esconder acidente"/>
    <text id="hide_accident_popup_success_text" need_translate="false" value="O promotor usou todo o seu poder para evitar a investigação das condições de trabalho"/>
  </popup>
</crimes>
