<?xml version="1.0" encoding="UTF-8"?>
<discussion_dialog>
  <discussion_phrase>
    <text id="100" need_translate="false" value="Por fim nos encontramos... a que devo o prazer?"/>
    <text id="101" need_translate="false" value="Pelo que ouvi, poderíamos ser irmãos... o que está em sua mente?"/>
    <text id="102" need_translate="false" value="Estou pronto para te ouvir. Qual a razão do nosso encontro?"/>
    <text id="1600" need_translate="false" value="Se precisar de um empréstimo, meus termos são $%1 a %2% por trimestre"/>
    <text id="1601" need_translate="false" value="Para o negócio certo, tenho uma ótima oferta de empréstimo: $%1 a %2% por trimestre"/>
    <text id="1602" need_translate="false" value="Sua oferta é aceitável, e o empréstimo será no valor principal de $%1 a %2% por trimestre"/>
    <text id="1700" need_translate="false" value="É insuportavelmente humilhante negociar com você!"/>
    <text id="1701" need_translate="false" value="Esse preço é ridículo e esta discussão está encerrada."/>
    <text id="1702" need_translate="false" value="Você ao menos avaliou adequadamente esta empresa? Sua oferta é ultrajante!"/>
    <text id="1703" need_translate="false" value="Essa oferta é um insulto e não faremos negócios tão cedo."/>
    <text id="1800" need_translate="false" value="Um prazer fazer negócios com você!"/>
    <text id="1801" need_translate="false" value="Obrigado por ser razoável, e mantenha contato!"/>
    <text id="200" need_translate="false" value="Tínhamos uma reunião marcada? Por favor, seja rápido ao declarar seus negócios."/>
    <text id="201" need_translate="false" value="O dia está movimentado aqui. Seja breve."/>
    <text id="202" need_translate="false" value="Já é essa hora? Você acha que podemos remarcar?"/>
    <text id="20500" need_translate="false" value="Acho que mereço um acordo melhor. Que tal isso?"/>
    <text id="20501" need_translate="false" value="Seus argumentos são questionáveis... não concordarei com esses termos!"/>
    <text id="20600" need_translate="false" value="Gosto de fazer negócios com você. Meu voto é o seu voto!"/>
    <text id="20700" need_translate="false" value="Isso é simplesmente ultrajante! Não vou perder mais tempo com você!"/>
    <text id="300" need_translate="false" value="Bem, você tem minha atenção... não a desperdice..."/>
    <text id="301" need_translate="false" value="Quem é você e qual o seu negócio aqui?"/>
    <text id="302" need_translate="false" value="É muito bom fazer negócios novamente com você, meu amigo!"/>
    <text id="500" need_translate="false" value="Esse preço é um absurdo... tem certeza de que está no lugar certo?"/>
    <text id="501" need_translate="false" value="Não quero ser irracional, mas... você tem outras ofertas?"/>
    <text id="502" need_translate="false" value="Você verá um fuinha dormir antes de eu vender a esse preço!"/>
    <text id="503" need_translate="false" value="Bem, você não está sendo nada razoável... que tal uma oferta de verdade?"/>
    <text id="504" need_translate="false" value="Essa oferta não vai vingar, meu amigo... tem outro número em mente?"/>
    <text id="600" need_translate="false" value="Tudo feito e muito bem feito. %1 ações da empresa %2 por $%3."/>
    <text id="601" need_translate="false" value="Uma consideração muito razoável, obrigado! %1 ações da empresa %2 por $%3"/>
    <text id="602" need_translate="false" value="Muito bem, temos um acordo! %1 ações da empresa %2 por $%3"/>
    <text id="700" need_translate="false" value="Não acredito que aceitei essa reunião!"/>
    <text id="701" need_translate="false" value="Não. Não haverá um acordo ruim aqui hoje... vá embora!"/>
    <text id="702" need_translate="false" value="Essa foi a gota d'água. O acordo azedou e terminamos por aqui."/>
    <text id="703" need_translate="false" value="Meu Deus, a audácia da sua oferta... volte de onde veio e não retorne."/>
  </discussion_phrase>
</discussion_dialog>
