<?xml version="1.0" encoding="UTF-8"?>
<game_events>
  <event>
    <text id="50_description" need_translate="false" value="%1%2 vai concorrer novamente ao cargo. Ele está buscando contribuições para financiar sua campanha"/>
    <text id="50_header" need_translate="false" value="Financiamento de campanha"/>
    <text id="52_description" need_translate="false" value="Estou procurando comprar ações da empresa {company_name} do estado {state}. Se você me ajudar, ficarei muito grato..."/>
    <text id="52_header" need_translate="false" value="Acionista da empresa"/>
    <text id="55_description" need_translate="false" value="%1%2 está em busca de um item para sua coleção &quot;%3&quot;, e parece estar muito ansioso..."/>
    <text id="55_header" need_translate="false" value="Ambição"/>
    <text id="56_description" need_translate="false" value="%1%2 precisa vender urgentemente &quot;%3&quot;, caso esteja procurando sua ajuda..."/>
    <text id="56_header" need_translate="false" value="Ambição"/>
    <text id="57_description" need_translate="false" value="%1%2 está buscando uma diretoria. Você poderia ajudar?"/>
    <text id="57_header" need_translate="false" value="Ambição"/>
    <text id="5_description" need_translate="false" value="Agora é um momento turbulento... À noite, ladrões atacaram você. Você pode se defender ou pagar."/>
    <text id="5_header" need_translate="false" value="Assalto"/>
    <text id="60_description" need_translate="false" value="Eu quero vender as ações da {company_name} do estado {state}. Se você me ajudar, estarei em sua dívida."/>
    <text id="60_header" need_translate="false" value="Vender ações"/>
    <text id="61_description" need_translate="false" value="{person_name} quer emprestar {sum} por um período de {term} Q. O personagem pode não pagar a dívida, o risco de não pagamento do empréstimo é {risk}."/>
    <text id="61_header" need_translate="false" value="Empréstimo necessário"/>
    <text id="6_description" need_translate="false" value="Ops! Atraso! Houve um pequeno acidente nos trilhos! Contratar outro trem ou esperar pelos reparos?"/>
    <text id="6_header" need_translate="false" value="Atraso"/>
  </event>
  <event_button>
    <text id="button_50_1_header" need_translate="false" value="Patrocinar"/>
    <text id="button_50_1_hover_text" need_translate="false" value="A lealdade a você: +%1%"/>
    <text id="button_50_1_text" need_translate="false" value="A contribuição é $%1"/>
    <text id="button_50_2_header" need_translate="false" value="Pensar"/>
    <text id="button_50_2_hover_text" need_translate="false" value="Sem efeitos"/>
    <text id="button_50_2_text" need_translate="false" value="Todos os assuntos requerem devida consideração."/>
    <text id="button_52_1_header" need_translate="false" value="Concordar"/>
    <text id="button_52_1_hover_text" need_translate="false" value="Suas ações: -%1 ($ %2)\nA lealdade a você: + %3%"/>
    <text id="button_52_1_text" need_translate="false" value=""/>
    <text id="button_52_2_header" need_translate="false" value="Pensar"/>
    <text id="button_52_2_hover_text" need_translate="false" value="Nunca tomei decisões apressadas"/>
    <text id="button_52_2_text" need_translate="false" value=""/>
    <text id="button_55_1_header" need_translate="false" value="Concordar"/>
    <text id="button_55_1_hover_text" need_translate="false" value=""/>
    <text id="button_55_1_text" need_translate="false" value=""/>
    <text id="button_55_2_header" need_translate="false" value="Recusar"/>
    <text id="button_55_2_hover_text" need_translate="false" value=""/>
    <text id="button_55_2_text" need_translate="false" value=""/>
    <text id="button_56_1_header" need_translate="false" value="Concordar"/>
    <text id="button_56_1_hover_text" need_translate="false" value=""/>
    <text id="button_56_1_text" need_translate="false" value=""/>
    <text id="button_56_2_header" need_translate="false" value="Recusar"/>
    <text id="button_56_2_hover_text" need_translate="false" value=""/>
    <text id="button_56_2_text" need_translate="false" value=""/>
    <text id="button_57_1_header" need_translate="false" value="Concordar"/>
    <text id="button_57_1_hover_text" need_translate="false" value=""/>
    <text id="button_57_1_text" need_translate="false" value=""/>
    <text id="button_57_2_header" need_translate="false" value="Recusar"/>
    <text id="button_57_2_hover_text" need_translate="false" value=""/>
    <text id="button_57_2_text" need_translate="false" value=""/>
    <text id="button_5_1_header" need_translate="false" value="Pagar"/>
    <text id="button_5_1_hover_text" need_translate="false" value=""/>
    <text id="button_5_1_text" need_translate="false" value="Você perderá {lost_money}"/>
    <text id="button_5_2_header" need_translate="false" value="Briga"/>
    <text id="button_5_2_hover_text" need_translate="false" value=""/>
    <text id="button_5_2_text" need_translate="false" value="Risco de lesão {risk_chance}&lt;br&gt;Você perderá {lost_days} dia(s)"/>
    <text id="button_60_1_header" need_translate="false" value="Concordar"/>
    <text id="button_60_1_hover_text" need_translate="false" value=""/>
    <text id="button_60_1_text" need_translate="false" value=""/>
    <text id="button_60_2_header" need_translate="false" value="Pensar"/>
    <text id="button_60_2_hover_text" need_translate="false" value=""/>
    <text id="button_60_2_text" need_translate="false" value=""/>
    <text id="button_61_1_header" need_translate="false" value="Concordar"/>
    <text id="button_61_1_hover_text" need_translate="false" value=""/>
    <text id="button_61_1_text" need_translate="false" value=""/>
    <text id="button_61_2_header" need_translate="false" value="Pensar"/>
    <text id="button_61_2_hover_text" need_translate="false" value=""/>
    <text id="button_61_2_text" need_translate="false" value=""/>
    <text id="button_6_1_header" need_translate="false" value="Contratar"/>
    <text id="button_6_1_hover_text" need_translate="false" value=""/>
    <text id="button_6_1_text" need_translate="false" value="Você perderá {lost_money}"/>
    <text id="button_6_2_header" need_translate="false" value="Esperar"/>
    <text id="button_6_2_hover_text" need_translate="false" value=""/>
    <text id="button_6_2_text" need_translate="false" value="Você perderá {lost_days} dia(s)"/>
    <text id="disabled_button_50_1_hover_text" need_translate="false" value="Sem efeitos"/>
    <text id="disabled_button_50_2_hover_text" need_translate="false" value="Sem efeitos"/>
    <text id="disabled_button_52_1_hover_text" need_translate="false" value="Sem efeitos"/>
    <text id="disabled_button_52_2_hover_text" need_translate="false" value="Nunca tomei decisões apressadas"/>
    <text id="disabled_button_55_1_hover_text" need_translate="false" value=""/>
    <text id="disabled_button_55_2_hover_text" need_translate="false" value=""/>
    <text id="disabled_button_56_1_hover_text" need_translate="false" value=""/>
    <text id="disabled_button_56_2_hover_text" need_translate="false" value=""/>
    <text id="disabled_button_57_1_hover_text" need_translate="false" value=""/>
    <text id="disabled_button_57_2_hover_text" need_translate="false" value=""/>
    <text id="disabled_button_5_1_hover_text" need_translate="false" value=""/>
    <text id="disabled_button_5_2_hover_text" need_translate="false" value=""/>
    <text id="disabled_button_60_1_hover_text" need_translate="false" value=""/>
    <text id="disabled_button_60_2_hover_text" need_translate="false" value=""/>
    <text id="disabled_button_61_1_hover_text" need_translate="false" value=""/>
    <text id="disabled_button_61_2_hover_text" need_translate="false" value=""/>
    <text id="disabled_button_6_1_hover_text" need_translate="false" value=""/>
    <text id="disabled_button_6_2_hover_text" need_translate="false" value=""/>
  </event_button>
</game_events>
