<?xml version="1.0" encoding="UTF-8"?>
<laws>
  <law_0>
    <text id="applied_federal_name" need_translate="false" value="Os Estados Unidos aprovaram a lei federal &quot;{law}&quot;. Agora, em todo o país, ao demitir um funcionário, será pago a ele uma indenização no valor de {value}% do salário médio."/>
    <text id="applied_local_name" need_translate="false" value="O {state} aprovou a lei &quot;{law}&quot;. Agora, ao demitir um funcionário, será pago a ele uma indenização no valor de {value}% do salário médio."/>
    <text id="description" need_translate="false" value="Ao demitir um funcionário, a empresa será obrigada a pagar a ele uma indenização no valor de {severance_payments}% do salário médio no estado."/>
    <text id="extended_name" need_translate="false" value="Estabelecer a obrigação de pagar benefícios trabalhistas ao demitir"/>
    <text id="name" need_translate="false" value="Indenização por demissão"/>
    <text id="short_description" need_translate="false" value="Pagamento obrigatório"/>
  </law_0>
  <law_10>
    <text id="applied_federal_name" need_translate="false" value=""/>
    <text id="applied_local_name" need_translate="false" value="O {state} aprovou a lei &quot;{law}&quot;. Junto com o fortalecimento da proteção dos direitos dos trabalhadores, prevê-se um aumento no risco de greves em {value}%."/>
    <text id="description" need_translate="false" value="As organizações sindicais receberão mais direitos e poderes, como resultado do qual o risco de greves será aumentado em {strike_risk}%."/>
    <text id="extended_name" need_translate="false" value="Fortalecer o papel dos sindicatos nas empresas"/>
    <text id="name" need_translate="false" value="Alterar o papel dos sindicatos nas empresas"/>
    <text id="short_description" need_translate="false" value="Fortalecer o papel"/>
  </law_10>
  <law_1>
    <text id="applied_federal_name" need_translate="false" value="Os Estados Unidos aprovaram a lei federal &quot;{law}&quot;. As empresas não são mais obrigadas a pagar indenizações aos trabalhadores demitidos, a menos que isso seja contra a lei estadual."/>
    <text id="applied_local_name" need_translate="false" value="O {state} aprovou a lei &quot;{law}&quot;. As empresas não são mais obrigadas a pagar indenizações aos trabalhadores demitidos."/>
    <text id="description" need_translate="false" value="As obrigações de pagamento de indenizações em caso de demissão de trabalhadores pelas empresas serão abolidas."/>
    <text id="extended_name" need_translate="false" value="Abolir a obrigação de pagar benefícios trabalhistas na demissão"/>
    <text id="name" need_translate="false" value="Indenização por demissão"/>
    <text id="short_description" need_translate="false" value="Pagamento é opcional"/>
  </law_1>
  <law_11>
    <text id="applied_federal_name" need_translate="false" value=""/>
    <text id="applied_local_name" need_translate="false" value="O {state} aprovou a lei &quot;{law}&quot;. Junto com o enfraquecimento da proteção dos direitos dos trabalhadores, prevê-se uma redução no risco de greves em {value}%."/>
    <text id="description" need_translate="false" value="As organizações sindicais terão seus direitos reduzidos e alguns de seus poderes serão limitados, o que diminuirá o risco de greves em {strike_risk}%."/>
    <text id="extended_name" need_translate="false" value="Enfraquecer o papel dos sindicatos nas empresas"/>
    <text id="name" need_translate="false" value="Alterar o papel dos sindicatos nas empresas"/>
    <text id="short_description" need_translate="false" value="Enfraquecer o papel"/>
  </law_11>
  <law_12>
    <text id="applied_federal_name" need_translate="false" value="Os Estados Unidos aprovaram a lei federal &quot;{law}&quot;. Agora, em todo o país, os empregadores são obrigados a pagar salários aos seus trabalhadores no valor de {value}% do salário médio."/>
    <text id="applied_local_name" need_translate="false" value="O {state} aprovou a lei &quot;{law}&quot;. Agora, as empresas são obrigadas a pagar aos seus funcionários pelo menos $ {value} do salário médio."/>
    <text id="description" need_translate="false" value="As empresas serão obrigadas a pagar aos seus funcionários um salário mínimo de pelo menos {minimum_wage}% do salário médio estadual."/>
    <text id="extended_name" need_translate="false" value="Estabelecer o salário mínimo"/>
    <text id="name" need_translate="false" value="Salário mínimo"/>
    <text id="short_description" need_translate="false" value="Valor mínimo definido"/>
  </law_12>
  <law_13>
    <text id="applied_federal_name" need_translate="false" value="Os Estados Unidos aprovaram a lei federal &quot;{law}&quot;. As empresas não são mais obrigadas a pagar o salário mínimo aos seus funcionários, a menos que isso viole a legislação estadual."/>
    <text id="applied_local_name" need_translate="false" value="O {state} aprovou a lei &quot;{law}&quot;. Agora, as empresas são livres para escolher o valor mínimo com o qual avaliam o trabalho de seus funcionários."/>
    <text id="description" need_translate="false" value="As obrigações das empresas de pagar salários mínimos aos seus funcionários serão canceladas."/>
    <text id="extended_name" need_translate="false" value="Remover restrições ao salário mínimo"/>
    <text id="name" need_translate="false" value="Salário mínimo"/>
    <text id="short_description" need_translate="false" value="Nenhum valor mínimo definido"/>
  </law_13>
  <law_14>
    <text id="applied_federal_name" need_translate="false" value=""/>
    <text id="applied_local_name" need_translate="false" value="O {state} aprovou a lei &quot;{law}&quot;. Os funcionários das empresas agora podem esperar receber salários no valor de pelo menos {value}% do salário médio."/>
    <text id="description" need_translate="false" value="O salário mínimo pago pelas empresas aos seus funcionários será aumentado para {minimum_wage}% do salário médio estadual."/>
    <text id="extended_name" need_translate="false" value="Aumentar o salário mínimo"/>
    <text id="name" need_translate="false" value="Tamanho do salário mínimo"/>
    <text id="short_description" need_translate="false" value="Aumentar o valor do salário"/>
  </law_14>
  <law_15>
    <text id="applied_federal_name" need_translate="false" value=""/>
    <text id="applied_local_name" need_translate="false" value="O {state} aprovou a lei &quot;{law}&quot;. Os funcionários das empresas agora podem esperar receber salários no valor de pelo menos {value}% do salário médio."/>
    <text id="description" need_translate="false" value="O salário mínimo pago pelas empresas aos seus funcionários será reduzido para {minimum_wage}% do salário médio estadual."/>
    <text id="extended_name" need_translate="false" value="Reduzir o salário mínimo"/>
    <text id="name" need_translate="false" value="Tamanho do salário mínimo"/>
    <text id="short_description" need_translate="false" value="Diminuir o valor do salário"/>
  </law_15>
  <law_16>
    <text id="applied_federal_name" need_translate="false" value=""/>
    <text id="applied_local_name" need_translate="false" value="O {state} aprovou a lei &quot;{law}&quot;. Analistas acreditam que isso levará a um aumento na educação no estado de {value}%."/>
    <text id="description" need_translate="false" value="A educação estadual crescerá {change_percents}% devido à melhoria na qualidade educacional, o que aumentará a produtividade dos trabalhadores."/>
    <text id="extended_name" need_translate="false" value="Aumentar o financiamento da educação"/>
    <text id="name" need_translate="false" value="Financiamento da educação"/>
    <text id="short_description" need_translate="false" value="Aumentar o financiamento"/>
  </law_16>
  <law_17>
    <text id="applied_federal_name" need_translate="false" value=""/>
    <text id="applied_local_name" need_translate="false" value="O {state} aprovou a lei &quot;{law}&quot;. Analistas acreditam que isso levará a uma queda na educação no estado de {value}%" />
    <text id="description" need_translate="false" value="A educação estadual diminuirá {change_percents}% devido à deterioração na qualidade da educação, o que reduzirá a produtividade dos trabalhadores." />
    <text id="extended_name" need_translate="false" value="Diminuir o financiamento da educação" />
    <text id="name" need_translate="false" value="Financiamento da educação" />
    <text id="short_description" need_translate="false" value="Diminuir o financiamento" />
  </law_17>
  <law_18>
    <text id="applied_federal_name" need_translate="false" value=""/>
    <text id="applied_local_name" need_translate="false" value="O {state} aprovou a lei &quot;{law}&quot;. Analistas acreditam que isso levará a um aumento de {value}% no crescimento populacional no estado."/>
    <text id="description" need_translate="false" value="Ao melhorar a qualidade do atendimento médico, haverá uma diminuição na mortalidade e um aumento na fertilidade, o que levará a um aumento da população de {change_percents}%."/>
    <text id="extended_name" need_translate="false" value="Aumentar o financiamento médico"/>
    <text id="name" need_translate="false" value="Financiamento médico"/>
    <text id="short_description" need_translate="false" value="Aumentar o financiamento"/>
  </law_18>
  <law_19>
    <text id="applied_federal_name" need_translate="false" value=""/>
    <text id="applied_local_name" need_translate="false" value="O {state} aprovou a lei &quot;{law}&quot;. Analistas acreditam que isso levará a uma diminuição no crescimento populacional do estado em {value}%" />
    <text id="description" need_translate="false" value="Devido à deterioração na qualidade do atendimento médico, haverá um aumento na mortalidade e uma diminuição na fertilidade, o que levará a uma diminuição da população em {change_percents}%" />
    <text id="extended_name" need_translate="false" value="Diminuir o financiamento médico" />
    <text id="name" need_translate="false" value="Financiamento médico" />
    <text id="short_description" need_translate="false" value="Diminuir o financiamento" />
  </law_19>
  <law_20>
    <text id="applied_federal_name" need_translate="false" value="Os Estados Unidos aprovaram a lei federal &quot;{law}&quot;. Empresas que representam mais da metade da participação de mercado do estado terão dificuldades. Agora elas são obrigadas a pagar uma multa trimestral no valor de {value}% do lucro."/>
    <text id="applied_local_name" need_translate="false" value=""/>
    <text id="description" need_translate="false" value="Empresas que representam mais da metade da participação de mercado do estado não serão mais obrigadas a pagar uma multa equivalente a {fine}% dos lucros para o tesouro estadual."/>
    <text id="extended_name" need_translate="false" value="Remover penalidades para monopólios"/>
    <text id="name" need_translate="false" value="Restrições às atividades de monopólios"/>
    <text id="short_description" need_translate="false" value="Restrição estabelecida"/>
  </law_20>
  <law_2>
    <text id="applied_federal_name" need_translate="false" value=""/>
    <text id="applied_local_name" need_translate="false" value="O {state} aprovou a lei &quot;{law}&quot;. Agora, no momento da demissão de um funcionário, ele receberá uma indenização no valor de {value}% do salário médio."/>
    <text id="description" need_translate="false" value="O valor da indenização paga pela empresa ao funcionário no momento da rescisão do contrato de trabalho será aumentado para {severance_payments}% do salário médio no estado."/>
    <text id="extended_name" need_translate="false" value="Aumentar o valor das indenizações por rescisão de contrato"/>
    <text id="name" need_translate="false" value="Valor da indenização"/>
    <text id="short_description" need_translate="false" value="Aumentar o valor da indenização"/>
  </law_2>
  <law_21>
    <text id="applied_federal_name" need_translate="false" value="Os Estados Unidos aprovaram a lei federal &quot;{law}&quot;. Empresas que representam mais da metade da participação de mercado do estado não precisam mais se preocupar em dividir seus lucros excessivos potenciais."/>
    <text id="applied_local_name" need_translate="false" value=""/>
    <text id="description" need_translate="false" value="Empresas que representam mais da metade da participação de mercado do estado serão obrigadas a pagar uma multa de {penalty}% dos lucros para o tesouro do estado."/>
    <text id="extended_name" need_translate="false" value="Impor multas para monopólios"/>
    <text id="name" need_translate="false" value="Restrições às atividades dos monopólios"/>
    <text id="short_description" need_translate="false" value="Sem restrição"/>
  </law_21>
  <law_22>
    <text id="applied_federal_name" need_translate="false" value=""/>
    <text id="applied_local_name" need_translate="false" value="O {state} aprovou a lei &quot;{law}&quot;. {old_person} já se aposentou e foi substituído por {new_person}."/>
    <text id="description" need_translate="false" value="O parlamento passará um voto de desconfiança no governador em exercício. O governador será demitido e outro personagem assumirá seu lugar."/>
    <text id="extended_name" need_translate="false" value="Impeachment do governador {person_name}"/>
    <text id="name" need_translate="false" value="Impeachment"/>
    <text id="short_description" need_translate="false" value="Impeachment do Governador"/>
  </law_22>
  <law_23>
    <text id="applied_federal_name" need_translate="false" value=""/>
    <text id="applied_local_name" need_translate="false" value="O {state} aprovou a lei &quot;{law}&quot;. {old_person} já se aposentou e foi substituído por {new_person}."/>
    <text id="description" need_translate="false" value="O governador será obrigado a demitir o procurador do estado por perda de confiança. Outro personagem assumirá seu lugar."/>
    <text id="extended_name" need_translate="false" value="Impeachment do procurador {person_name}"/>
    <text id="name" need_translate="false" value="Impeachment"/>
    <text id="short_description" need_translate="false" value="Impeachment do Procurador"/>
  </law_23>
  <law_24>
    <text id="applied_federal_name" need_translate="false" value=""/>
    <text id="applied_local_name" need_translate="false" value="O {state} aprovou a lei &quot;{law}&quot;. {old_person} já se aposentou e foi substituído por {new_person}."/>
    <text id="description" need_translate="false" value="O governador será obrigado a demitir o chefe da polícia estadual por perda de confiança. Outro personagem assumirá seu lugar."/>
    <text id="extended_name" need_translate="false" value="Impeachment do chefe de polícia {person_name}"/>
    <text id="name" need_translate="false" value="Impeachment"/>
    <text id="short_description" need_translate="false" value="Impeachment do Chefe de Polícia"/>
  </law_24>
  <law_25>
    <text id="applied_federal_name" need_translate="false" value=""/>
    <text id="applied_local_name" need_translate="false" value="O {state} aprovou a lei &quot;{law}&quot;. {old_person} já se aposentou e foi substituído por {new_person}."/>
    <text id="description" need_translate="false" value="O governador será obrigado a demitir o tesoureiro estadual por perda de confiança. Outro personagem assumirá seu lugar."/>
    <text id="extended_name" need_translate="false" value="Impeachment do tesoureiro {person_name}"/>
    <text id="name" need_translate="false" value="Impeachment"/>
    <text id="short_description" need_translate="false" value="Impeachment do Tesoureiro"/>
  </law_25>
  <law_26>
    <text id="applied_federal_name" need_translate="false" value="Os Estados Unidos aprovaram a lei federal &quot;{law}&quot;. A taxa de imposto de renda agora é de {value} %."/>
    <text id="applied_local_name" need_translate="false" value="O {state} aprovou a &quot;{law}&quot;. A taxa de imposto de renda agora é de {value} %."/>
    <text id="description" need_translate="false" value="A taxa de imposto de renda será aumentada para {tax} %. Isso resultará em um aumento na carga tributária sobre os cidadãos."/>
    <text id="extended_name" need_translate="false" value="Aumentar o imposto de renda"/>
    <text id="name" need_translate="false" value="Imposto de renda"/>
    <text id="short_description" need_translate="false" value="Aumentar imposto"/>
  </law_26>
  <law_27>
    <text id="applied_federal_name" need_translate="false" value="Os Estados Unidos aprovaram a lei federal &quot;{law}&quot;. A taxa de imposto de renda agora é de {value} %."/>
    <text id="applied_local_name" need_translate="false" value="O {state} aprovou a &quot;{law}&quot;. A taxa de imposto de renda agora é de {value} %."/>
    <text id="description" need_translate="false" value="A taxa de imposto de renda será reduzida para {tax} %. Isso resultará em uma diminuição na carga tributária sobre os cidadãos."/>
    <text id="extended_name" need_translate="false" value="Reduzir o imposto de renda"/>
    <text id="name" need_translate="false" value="Imposto de renda"/>
    <text id="short_description" need_translate="false" value="Reduzir imposto"/>
  </law_27>
  <law_28>
    <text id="applied_federal_name" need_translate="false" value="Os Estados Unidos aprovaram a lei federal &quot;{law}&quot;. A taxa de imposto sobre as corporações agora é de {value} %."/>
    <text id="applied_local_name" need_translate="false" value="O {state} aprovou a &quot;{law}&quot;. A taxa de imposto sobre as corporações agora é de {value} %."/>
    <text id="description" need_translate="false" value="A taxa de imposto sobre as corporações será aumentada para {tax} %. Isso resultará em um aumento na carga tributária sobre as empresas, o que afetará negativamente os lucros e os dividendos futuros."/>
    <text id="extended_name" need_translate="false" value="Aumentar o imposto sobre as corporações"/>
    <text id="name" need_translate="false" value="Imposto sobre as corporações"/>
    <text id="short_description" need_translate="false" value="Aumentar imposto"/>
  </law_28>
  <law_29>
    <text id="applied_federal_name" need_translate="false" value="Os Estados Unidos aprovaram a lei federal &quot;{law}&quot;. A taxa de imposto sobre as corporações agora é de {value} %."/>
    <text id="applied_local_name" need_translate="false" value="O {state} aprovou a &quot;{law}&quot;. A taxa de imposto sobre as corporações agora é de {value} %."/>
    <text id="description" need_translate="false" value="A taxa de imposto sobre as corporações será reduzida para {tax} %. Isso resultará em uma diminuição na carga tributária sobre as empresas, o que terá um efeito positivo sobre os lucros e os dividendos futuros."/>
    <text id="extended_name" need_translate="false" value="Reduzir o imposto sobre as corporações"/>
    <text id="name" need_translate="false" value="Imposto sobre as corporações"/>
    <text id="short_description" need_translate="false" value="Reduzir imposto"/>
  </law_29>
  <law_30>
    <text id="applied_federal_name" need_translate="false" value="Os Estados Unidos aprovaram a lei federal &quot;{law}&quot;. A partir de agora, as mulheres de todo o país conquistaram o aguardado direito de participar da vida política por meio do voto, e os candidatos terão que trabalhar duro para conquistar a confiança desse grupo eleitoral."/>
    <text id="applied_local_name" need_translate="false" value="O {state} aprovou a &quot;{law}&quot;. A partir de agora, as mulheres do estado de {state} conquistaram o aguardado direito de participar da vida política por meio do voto, e os candidatos terão que trabalhar duro para conquistar a confiança desse grupo eleitoral."/>
    <text id="description" need_translate="false" value="O direito das mulheres ao voto será permitido. Em {state}, os candidatos poderão aumentar as simpatias deste grupo durante a campanha eleitoral."/>
    <text id="extended_name" need_translate="false" value="Aceitar o direito das mulheres ao voto nas eleições"/>
    <text id="name" need_translate="false" value="Direito das mulheres ao voto"/>
    <text id="short_description" need_translate="false" value="Voto permitido"/>
  </law_30>
  <law_3>
    <text id="applied_federal_name" need_translate="false" value=""/>
    <text id="applied_local_name" need_translate="false" value="O {state} aprovou a &quot;{law}&quot;. Agora, ao ser dispensado, o empregado receberá uma indenização no valor de {value}% do salário médio."/>
    <text id="description" need_translate="false" value="O valor da indenização paga pela empresa ao empregado no término do contrato será reduzido para {severance_payments}% do salário médio no estado."/>
    <text id="extended_name" need_translate="false" value="Reduzir o valor das indenizações por demissão"/>
    <text id="name" need_translate="false" value="Valor da indenização por demissão"/>
    <text id="short_description" need_translate="false" value="Reduzir valor da indenização"/>
  </law_3>
  <law_31>
    <text id="applied_federal_name" need_translate="false" value="Os Estados Unidos aprovaram a lei federal &quot;{law}&quot;. A partir de agora, o direito das mulheres ao voto nas eleições está sob ameaça e dependerá da legislação estadual."/>
    <text id="applied_local_name" need_translate="false" value="O {state} aprovou a &quot;{law}&quot;. A partir de agora, as mulheres do estado de {state} não poderão mais participar da vida política por meio do voto, o que é considerado pela maioria uma violação flagrante dos direitos humanos."/>
    <text id="description" need_translate="false" value="O direito das mulheres ao voto será abolido. Em {state}, os candidatos estarão proibidos de aumentar a simpatia desse grupo durante a campanha eleitoral."/>
    <text id="extended_name" need_translate="false" value="Abolir o direito das mulheres ao voto nas eleições"/>
    <text id="name" need_translate="false" value="Direito ao voto das mulheres"/>
    <text id="short_description" need_translate="false" value="Voto proibido"/>
  </law_31>
  <law_32>
    <text id="applied_federal_name" need_translate="false" value="Os Estados Unidos aprovaram a lei federal &quot;{law}&quot;. A partir de agora, as mulheres de todo o país finalmente poderão mostrar seu potencial político e se candidatar a cargos eletivos."/>
    <text id="applied_local_name" need_translate="false" value="O {state} aprovou a &quot;{law}&quot;. A partir de agora, as mulheres do estado de {state} finalmente poderão mostrar seu potencial político e se candidatar a cargos eletivos."/>
    <text id="description" need_translate="false" value="O direito das mulheres de serem eleitas será permitido. As mulheres em {state} poderão se candidatar a cargos eletivos."/>
    <text id="extended_name" need_translate="false" value="Aceitar o direito das mulheres de serem eleitas"/>
    <text id="name" need_translate="false" value="Direito das mulheres de serem eleitas"/>
    <text id="short_description" need_translate="false" value="Permitido ser eleita"/>
  </law_32>
  <law_33>
    <text id="applied_federal_name" need_translate="false" value="Os Estados Unidos aprovaram a lei federal &quot;{law}&quot;. A partir de agora, o direito das mulheres de serem eleitas em todo o país está sob ameaça e dependerá da legislação estadual."/>
    <text id="applied_local_name" need_translate="false" value="O {state} aprovou a lei &quot;{law}&quot;. A partir de agora, as mulheres do estado de {state} não poderão mais se candidatar a cargos eletivos, o que provavelmente causará grande descontentamento entre esse grupo social."/>
    <text id="description" need_translate="false" value="O direito das mulheres de serem eleitas será abolido. As mulheres em {state} não poderão mais se candidatar a cargos eletivos."/>
    <text id="extended_name" need_translate="false" value="Abolir o direito das mulheres de serem eleitas"/>
    <text id="name" need_translate="false" value="Direito das mulheres de serem eleitas"/>
    <text id="short_description" need_translate="false" value="Proibido de ser eleita"/>
  </law_33>
  <law_34>
    <text id="applied_federal_name" need_translate="false" value="Os Estados Unidos aprovaram a lei federal &quot;{law}&quot;. A partir de agora, os ateus de todo o país conquistaram o tão esperado direito de participar da vida política por meio do voto, e os candidatos terão que trabalhar arduamente para conquistar a confiança deste grupo eleitoral."/>
    <text id="applied_local_name" need_translate="false" value="O {state} aprovou a lei &quot;{law}&quot;. A partir de agora, os ateus do estado de {state} conquistaram o tão esperado direito de participar da vida política por meio do voto, e os candidatos terão que trabalhar arduamente para conquistar a confiança deste grupo eleitoral."/>
    <text id="description" need_translate="false" value="O direito dos ateus ao voto será permitido. Em {state}, os candidatos poderão aumentar as simpatias deste grupo durante a campanha eleitoral."/>
    <text id="extended_name" need_translate="false" value="Aceitar o direito dos ateus ao voto nas eleições"/>
    <text id="name" need_translate="false" value="Direito dos ateus ao voto"/>
    <text id="short_description" need_translate="false" value="Voto permitido"/>
  </law_34>
  <law_35>
    <text id="applied_federal_name" need_translate="false" value="Os Estados Unidos aprovaram a lei federal &quot;{law}&quot;. A partir de agora, o direito dos ateus ao voto nas eleições está sob ameaça e dependerá da legislação estadual."/>
    <text id="applied_local_name" need_translate="false" value="O {state} aprovou a &quot;{law}&quot;. A partir de agora, os ateus do estado de {state} não poderão mais participar da vida política por meio do voto, o que é considerado pela maioria uma flagrante violação dos direitos humanos."/>
    <text id="description" need_translate="false" value="O direito dos ateus ao voto será abolido. Em {state}, os candidatos serão proibidos de aumentar as simpatias deste grupo durante a campanha eleitoral."/>
    <text id="extended_name" need_translate="false" value="Abolir o direito dos ateus ao voto nas eleições"/>
    <text id="name" need_translate="false" value="Direito dos ateus ao voto"/>
    <text id="short_description" need_translate="false" value="Voto proibido"/>
  </law_35>
  <law_36>
    <text id="applied_federal_name" need_translate="false" value="Os Estados Unidos aprovaram a lei federal &quot;{law}&quot;. A partir de agora, os ateus de todo o país finalmente poderão mostrar seu potencial político e se candidatar a cargos eletivos."/>
    <text id="applied_local_name" need_translate="false" value="O {state} aprovou a &quot;{law}&quot;. A partir de agora, os ateus do estado de {state} finalmente poderão mostrar seu potencial político e se candidatar a cargos eletivos."/>
    <text id="description" need_translate="false" value="O direito dos ateus de serem eleitos será permitido. Os ateus em {state} poderão se candidatar a cargos eletivos."/>
    <text id="extended_name" need_translate="false" value="Aceitar o direito dos ateus de serem eleitos"/>
    <text id="name" need_translate="false" value="Direito dos ateus de serem eleitos"/>
    <text id="short_description" need_translate="false" value="Permitido ser eleito"/>
  </law_36>
  <law_37>
    <text id="applied_federal_name" need_translate="false" value="Os Estados Unidos aprovaram a lei federal &quot;{law}&quot;. A partir de agora, o direito dos ateus de serem eleitos em todo o país está sob ameaça e dependerá da legislação estadual."/>
    <text id="applied_local_name" need_translate="false" value="O {state} aprovou a lei &quot;{law}&quot;. A partir de agora, os ateus do estado de {state} não poderão mais se candidatar a cargos eletivos, o que provavelmente causará grande descontentamento entre este grupo social."/>
    <text id="description" need_translate="false" value="O direito dos ateus de serem eleitos será abolido. Os ateus em {state} não poderão mais se candidatar a cargos eletivos."/>
    <text id="extended_name" need_translate="false" value="Abolir o direito dos ateus de serem eleitos"/>
    <text id="name" need_translate="false" value="Direito dos ateus de serem eleitos"/>
    <text id="short_description" need_translate="false" value="Proibido ser eleito"/>
  </law_37>
  <law_38>
    <text id="applied_federal_name" need_translate="false" value="Os Estados Unidos aprovaram a lei federal &quot;{law}&quot;. A partir de agora, os afro-americanos de todo o país conquistaram o aguardado direito de participar da vida política por meio do voto, e os candidatos terão que trabalhar duro para conquistar a confiança deste grupo eleitoral."/>
    <text id="applied_local_name" need_translate="false" value="O {state} aprovou a lei &quot;{law}&quot;. A partir de agora, os afro-americanos do estado de {state} conquistaram o aguardado direito de participar da vida política por meio do voto, e os candidatos terão que trabalhar duro para conquistar a confiança deste grupo eleitoral."/>
    <text id="description" need_translate="false" value="O direito de voto dos afro-americanos será permitido. Em {state}, os candidatos poderão aumentar as simpatias desse grupo durante a campanha eleitoral."/>
    <text id="extended_name" need_translate="false" value="Aceitar o direito de voto dos afro-americanos nas eleições"/>
    <text id="name" need_translate="false" value="Direito de voto dos afro-americanos"/>
    <text id="short_description" need_translate="false" value="Voto permitido"/>
  </law_38>
  <law_39>
    <text id="applied_federal_name" need_translate="false" value="Os Estados Unidos aprovaram a lei federal &quot;{law}&quot;. A partir de agora, o direito de voto dos afro-americanos nas eleições está ameaçado e dependerá da legislação estadual."/>
    <text id="applied_local_name" need_translate="false" value="O {state} aprovou a lei &quot;{law}&quot;. A partir de agora, os afro-americanos do estado de {state} não poderão mais participar da vida política por meio do voto, o que é considerado pela maioria como uma flagrante violação dos direitos humanos."/>
    <text id="description" need_translate="false" value="O direito de voto dos afro-americanos será abolido. Em {state}, os candidatos serão proibidos de aumentar as simpatias desse grupo durante a campanha eleitoral."/>
    <text id="extended_name" need_translate="false" value="Abolir o direito de voto dos afro-americanos nas eleições"/>
    <text id="name" need_translate="false" value="Direito de voto dos afro-americanos"/>
    <text id="short_description" need_translate="false" value="Voto proibido"/>
  </law_39>
  <law_40>
    <text id="applied_federal_name" need_translate="false" value="Os Estados Unidos aprovaram a lei federal &quot;{law}&quot;. A partir de agora, os afro-americanos de todo o país finalmente poderão mostrar seu potencial político e se candidatar ao cargo."/>
    <text id="applied_local_name" need_translate="false" value="O {state} aprovou a lei &quot;{law}&quot;. A partir de agora, os afro-americanos do estado de {state} finalmente poderão mostrar seu potencial político e se candidatar ao cargo."/>
    <text id="description" need_translate="false" value="O direito dos afro-americanos de se elegerem será permitido. Os afro-americanos em {state} poderão se candidatar ao cargo."/>
    <text id="extended_name" need_translate="false" value="Aceitar o direito dos afro-americanos de serem eleitos"/>
    <text id="name" need_translate="false" value="Direito dos afro-americanos de serem eleitos"/>
    <text id="short_description" need_translate="false" value="Permitido ser eleito"/>
  </law_40>
  <law_4>
    <text id="applied_federal_name" need_translate="false" value="Os Estados Unidos aprovaram a lei federal &quot;{law}&quot;. O expediente máximo agora é de {working_hours} horas, o que deve reduzir a produtividade dos trabalhadores em {value} %."/>
    <text id="applied_local_name" need_translate="false" value=""/>
    <text id="description" need_translate="false" value="O expediente máximo será aumentado para {working_hours} horas, o que aumentará a produtividade dos trabalhadores em {change_percents} %."/>
    <text id="extended_name" need_translate="false" value="Aumentar a duração do expediente de trabalho"/>
    <text id="name" need_translate="false" value="Horas de trabalho"/>
    <text id="short_description" need_translate="false" value="Aumentar expediente de trabalho"/>
  </law_4>
  <law_41>
    <text id="applied_federal_name" need_translate="false" value="Os Estados Unidos aprovaram a lei federal &quot;{law}&quot;. A partir de agora, o direito dos afro-americanos de serem eleitos em todo o país está sob ameaça e dependerá da legislação estadual."/>
    <text id="applied_local_name" need_translate="false" value="O estado de {state} aprovou a lei &quot;{law}&quot;. A partir de agora, os afro-americanos do estado de {state} não poderão mais se candidatar a cargos públicos, o que provavelmente causará grande descontentamento entre esse grupo social."/>
    <text id="description" need_translate="false" value="O direito dos afro-americanos de se candidatar será abolido. Os afro-americanos de {state} não poderão mais se candidatar a cargos públicos."/>
    <text id="extended_name" need_translate="false" value="Abolir o direito dos afro-americanos de se candidatar a cargos públicos"/>
    <text id="name" need_translate="false" value="Direito dos afro-americanos de se candidatar"/>
    <text id="short_description" need_translate="false" value="Proibido de se candidatar"/>
  </law_41>
  <law_42>
    <text id="applied_federal_name" need_translate="false" value="Os Estados Unidos aprovaram a lei federal &quot;{law}&quot;. A partir de agora, os analfabetos de todo o país conquistaram o tão esperado direito de participar da vida política por meio do voto, e os candidatos terão que trabalhar duro para conquistar a confiança desse grupo eleitoral."/>
    <text id="applied_local_name" need_translate="false" value="O estado de {state} aprovou a &quot;{law}&quot;. A partir de agora, os analfabetos do estado de {state} conquistaram o tão esperado direito de participar da vida política por meio do voto, e os candidatos terão que trabalhar duro para conquistar a confiança desse grupo eleitoral."/>
    <text id="description" need_translate="false" value="O direito de voto dos analfabetos será permitido. Em {state}, os candidatos poderão aumentar as simpatias desse grupo durante a campanha eleitoral."/>
    <text id="extended_name" need_translate="false" value="Aceitar o direito de voto dos analfabetos"/>
    <text id="name" need_translate="false" value="Direito de voto dos analfabetos"/>
    <text id="short_description" need_translate="false" value="Voto permitido"/>
  </law_42>
  <law_43>
    <text id="applied_federal_name" need_translate="false" value="Os Estados Unidos aprovaram a lei federal &quot;{law}&quot;. A partir de agora, o direito de voto dos pobres nas eleições está ameaçado e dependerá da legislação estadual."/>
    <text id="applied_local_name" need_translate="false" value="O estado de {state} aprovou a &quot;{law}&quot;. A partir de agora, os analfabetos do estado de {state} não poderão mais participar da vida política por meio do voto, o que é considerado pela maioria uma violação flagrante dos direitos humanos."/>
    <text id="description" need_translate="false" value="O direito de voto dos analfabetos será abolido. Em {state}, os candidatos serão proibidos de aumentar as simpatias desse grupo durante a campanha eleitoral."/>
    <text id="extended_name" need_translate="false" value="Abolir o direito de voto dos analfabetos"/>
    <text id="name" need_translate="false" value="Direito de voto dos analfabetos"/>
    <text id="short_description" need_translate="false" value="Voto proibido"/>
  </law_43>
  <law_44>
    <text id="applied_federal_name" need_translate="false" value="Os Estados Unidos aprovaram a lei federal &quot;{law}&quot;. A partir de agora, os analfabetos de todo o país finalmente poderão mostrar seu potencial político e se candidatar a cargos públicos."/>
    <text id="applied_local_name" need_translate="false" value="O estado de {state} aprovou a &quot;{law}&quot;. A partir de agora, os analfabetos do estado de {state} finalmente poderão mostrar seu potencial político e se candidatar a cargos públicos."/>
    <text id="description" need_translate="false" value="O direito dos analfabetos de serem eleitos será permitido. Os analfabetos em {state} poderão se candidatar a cargos públicos."/>
    <text id="extended_name" need_translate="false" value="Aceitar o direito dos analfabetos de serem eleitos"/>
    <text id="name" need_translate="false" value="Direito dos analfabetos de serem eleitos"/>
    <text id="short_description" need_translate="false" value="Permitido ser eleito"/>
  </law_44>
  <law_45>
    <text id="applied_federal_name" need_translate="false" value="Os Estados Unidos aprovaram a lei federal &quot;{law}&quot;. A partir de agora, o direito dos analfabetos de serem eleitos em todo o país está ameaçado e dependerá da legislação estadual."/>
    <text id="applied_local_name" need_translate="false" value="O estado de {state} aprovou a lei &quot;{law}&quot;. A partir de agora, os analfabetos do estado de {state} não poderão mais se candidatar a cargos públicos, o que provavelmente causará grande descontentamento entre este grupo social."/>
    <text id="description" need_translate="false" value="O direito dos analfabetos de serem eleitos será abolido. Os analfabetos em {state} não poderão mais se candidatar a cargos públicos."/>
    <text id="extended_name" need_translate="false" value="Abolir o direito dos analfabetos de serem eleitos"/>
    <text id="name" need_translate="false" value="Direito dos analfabetos de serem eleitos"/>
    <text id="short_description" need_translate="false" value="Proibido ser eleito"/>
  </law_45>
  <law_46>
    <text id="applied_federal_name" need_translate="false" value=""/>
    <text id="applied_local_name" need_translate="false" value="O estado de {state} aprovou a &quot;{law}&quot;. Analistas acreditam que isso levará a um crescimento da infraestrutura do estado de {change}%" />
    <text id="description" need_translate="false" value="A infraestrutura no estado crescerá em {change}%, o que reduzirá o tempo necessário para as empresas se expandirem."/>
    <text id="extended_name" need_translate="false" value="Aumentar o financiamento para infraestrutura"/>
    <text id="name" need_translate="false" value="Financiamento para infraestrutura"/>
    <text id="short_description" need_translate="false" value="Aumentar o financiamento"/>
  </law_46>
  <law_47>
    <text id="applied_federal_name" need_translate="false" value=""/>
    <text id="applied_local_name" need_translate="false" value="O estado de {state} aprovou a &quot;{law}&quot;. Analistas acreditam que isso levará a uma queda na infraestrutura do estado de {change}%."/>
    <text id="description" need_translate="false" value="A infraestrutura no estado cairá em {change}%, o que aumentará o tempo necessário para as empresas se expandirem."/>
    <text id="extended_name" need_translate="false" value="Diminuir o financiamento para infraestrutura"/>
    <text id="name" need_translate="false" value="Financiamento para infraestrutura"/>
    <text id="short_description" need_translate="false" value="Diminuir financiamento"/>
  </law_47>
  <law_48>
    <text id="applied_federal_name" need_translate="false" value=""/>
    <text id="applied_local_name" need_translate="false" value="O estado de {state} aprovou a lei &quot;{law}&quot;. Analistas acreditam que o investimento do governo em pesquisa de tecnologias reduzirá o custo de pesquisa nas empresas em {change}%" />
    <text id="description" need_translate="false" value="O financiamento do governo para a pesquisa de tecnologias reduzirá o custo de pesquisa nas empresas em {change}%"/>
    <text id="extended_name" need_translate="false" value="Aumentar o financiamento para pesquisa"/>
    <text id="name" need_translate="false" value="Financiamento para pesquisa"/>
    <text id="short_description" need_translate="false" value="Aumentar o financiamento"/>
  </law_48>
  <law_49>
    <text id="applied_federal_name" need_translate="false" value=""/>
    <text id="applied_local_name" need_translate="false" value="O estado de {state} aprovou a lei &quot;{law}&quot;. Analistas acreditam que uma diminuição no financiamento do estado para a pesquisa de tecnologias levará a um aumento no custo de pesquisa nas empresas em {change}%" />
    <text id="description" need_translate="false" value="Uma diminuição no interesse do estado pela pesquisa de tecnologias levará a um aumento no custo de pesquisa nas empresas em {change}%" />
    <text id="extended_name" need_translate="false" value="Diminuir o financiamento para pesquisa"/>
    <text id="name" need_translate="false" value="Financiamento para pesquisa"/>
    <text id="short_description" need_translate="false" value="Diminuir o financiamento"/>
  </law_49>
  <law_50>
    <text id="applied_federal_name" need_translate="false" value="Os Estados Unidos aprovaram a lei federal &quot;{law}&quot;. Esta medida tem como objetivo promover o desenvolvimento da produção local. De acordo com analistas, o preço do aço deverá aumentar em {change}% em breve."/>
    <text id="applied_local_name" need_translate="false" value=""/>
    <text id="description" need_translate="false" value="O aumento das tarifas de importação levará a um aumento de {change}% no preço do aço para as empresas locais."/>
    <text id="extended_name" need_translate="false" value="Aumentar a tarifa de importação do aço"/>
    <text id="name" need_translate="false" value="Tarifa de importação do aço"/>
    <text id="short_description" need_translate="false" value="Aumentar a tarifa"/>
  </law_50>
  <law_5>
    <text id="applied_federal_name" need_translate="false" value="Os Estados Unidos aprovaram a lei federal &quot;{law}&quot;. A jornada de trabalho máxima agora é de {working_hours} horas, o que se prevê que aumente a produtividade dos trabalhadores em {value}%."/>
    <text id="applied_local_name" need_translate="false" value=""/>
    <text id="description" need_translate="false" value="A jornada de trabalho máxima será reduzida para {working_hours} horas, o que reduzirá a produtividade dos trabalhadores em {change_percents}%."/>
    <text id="extended_name" need_translate="false" value="Diminuir a duração da jornada de trabalho"/>
    <text id="name" need_translate="false" value="Jornada de trabalho"/>
    <text id="short_description" need_translate="false" value="Diminuir jornada de trabalho"/>
  </law_5>
  <law_51>
    <text id="applied_federal_name" need_translate="false" value="Os Estados Unidos aprovaram a lei federal &quot;{law}&quot;. Esse fato desacelerará um pouco o desenvolvimento da produção local. O preço do aço, de acordo com os analistas, cairá em {change}% em breve."/>
    <text id="applied_local_name" need_translate="false" value=""/>
    <text id="description" need_translate="false" value="A redução nas tarifas de importação levará a uma diminuição de {change}% nos preços do aço para as empresas locais."/>
    <text id="extended_name" need_translate="false" value="Reduzir a tarifa de importação sobre o aço"/>
    <text id="name" need_translate="false" value="Tarifa de importação sobre o aço"/>
    <text id="short_description" need_translate="false" value="Reduzir a tarifa"/>
  </law_51>
  <law_52>
    <text id="applied_federal_name" need_translate="false" value="Os Estados Unidos aprovaram a lei federal &quot;{law}&quot;. Espera-se que isso aumente o volume de mercadorias no mercado interno, o que, segundo os analistas, levará a uma queda nos preços do aço de {change}%" />
    <text id="applied_local_name" need_translate="false" value=""/>
    <text id="description" need_translate="false" value="O aumento das tarifas de exportação levará a uma diminuição de {change}% nos preços do aço para as empresas locais."/>
    <text id="extended_name" need_translate="false" value="Aumentar a tarifa de exportação sobre o aço"/>
    <text id="name" need_translate="false" value="Tarifa de exportação sobre o aço"/>
    <text id="short_description" need_translate="false" value="Aumentar a tarifa"/>
  </law_52>
  <law_53>
    <text id="applied_federal_name" need_translate="false" value="Os Estados Unidos aprovaram a lei federal &quot;{law}&quot;. Esse fato provavelmente reduzirá o volume de mercadorias vendidas pelas empresas dentro do país, o que, segundo os analistas, levará a um aumento de {change}% nos preços do aço."/>
    <text id="applied_local_name" need_translate="false" value=""/>
    <text id="description" need_translate="false" value="A redução nas tarifas de exportação levará a um aumento de {change}% nos preços do aço para as empresas locais."/>
    <text id="extended_name" need_translate="false" value="Reduzir a tarifa de exportação sobre o aço"/>
    <text id="name" need_translate="false" value="Tarifa de exportação sobre o aço"/>
    <text id="short_description" need_translate="false" value="Reduzir a tarifa"/>
  </law_53>
  <law_54>
    <text id="applied_federal_name" need_translate="false" value="Os Estados Unidos aprovaram a lei federal &quot;{law}&quot;. Esta medida visa promover o desenvolvimento da produção local. Segundo analistas, o preço do petróleo em breve aumentará em {change}%."/>
    <text id="applied_local_name" need_translate="false" value=""/>
    <text id="description" need_translate="false" value="O aumento nas tarifas de importação levará a um aumento de {change}% no preço do petróleo para as empresas locais."/>
    <text id="extended_name" need_translate="false" value="Aumentar a tarifa de importação sobre o petróleo"/>
    <text id="name" need_translate="false" value="Tarifa de importação sobre o petróleo"/>
    <text id="short_description" need_translate="false" value="Aumentar a tarifa"/>
  </law_54>
  <law_55>
    <text id="applied_federal_name" need_translate="false" value="Os Estados Unidos aprovaram a lei federal &quot;{law}&quot;. Este fato desacelerará um pouco o desenvolvimento da produção local. Segundo analistas, o preço do petróleo em breve cairá em {change}%."/>
    <text id="applied_local_name" need_translate="false" value=""/>
    <text id="description" need_translate="false" value="A redução nas tarifas de importação levará a uma diminuição de {change}% no preço do petróleo para as empresas locais."/>
    <text id="extended_name" need_translate="false" value="Reduzir a tarifa de importação sobre o petróleo"/>
    <text id="name" need_translate="false" value="Tarifa de importação sobre o petróleo"/>
    <text id="short_description" need_translate="false" value="Reduzir a tarifa"/>
  </law_55>
  <law_56>
    <text id="applied_federal_name" need_translate="false" value="Os Estados Unidos aprovaram a lei federal &quot;{law}&quot;. Espera-se que, em relação a isso, o volume de mercadorias no mercado interno aumente, o que, segundo analistas, levará a uma queda nos preços do petróleo em {change}%."/>
    <text id="applied_local_name" need_translate="false" value=""/>
    <text id="description" need_translate="false" value="O aumento nas tarifas de exportação levará a uma diminuição de {change}% no preço do petróleo para as empresas locais."/>
    <text id="extended_name" need_translate="false" value="Aumentar a tarifa de exportação sobre o petróleo"/>
    <text id="name" need_translate="false" value="Tarifa de exportação sobre o petróleo"/>
    <text id="short_description" need_translate="false" value="Aumentar a tarifa"/>
  </law_56>
  <law_57>
    <text id="applied_federal_name" need_translate="false" value="Os Estados Unidos aprovaram a lei federal &quot;{law}&quot;. Este fato provavelmente reduzirá o volume de mercadorias vendidas por empresas dentro do país, o que, segundo analistas, levará em breve a um aumento no preço do petróleo em {change}%."/>
    <text id="applied_local_name" need_translate="false" value=""/>
    <text id="description" need_translate="false" value="A redução nas tarifas de exportação levará a um aumento de {change}% no preço do petróleo para as empresas locais."/>
    <text id="extended_name" need_translate="false" value="Reduzir a tarifa de exportação sobre o petróleo"/>
    <text id="name" need_translate="false" value="Tarifa de exportação sobre o petróleo"/>
    <text id="short_description" need_translate="false" value="Reduzir a tarifa"/>
  </law_57>
  <law_58>
    <text id="applied_federal_name" need_translate="false" value="Os Estados Unidos aprovaram a lei federal &quot;{law}&quot;. Esta medida visa promover o desenvolvimento da produção local. Segundo analistas, o preço do minério em breve aumentará em {change}%."/>
    <text id="applied_local_name" need_translate="false" value=""/>
    <text id="description" need_translate="false" value="O aumento nas tarifas de importação levará a um aumento de {change}% no preço do minério para as empresas locais."/>
    <text id="extended_name" need_translate="false" value="Aumentar a tarifa de importação sobre o minério"/>
    <text id="name" need_translate="false" value="Tarifa de importação sobre o minério"/>
    <text id="short_description" need_translate="false" value="Aumentar a tarifa"/>
  </law_58>
  <law_59>
    <text id="applied_federal_name" need_translate="false" value="A lei federal &quot;{law}&quot; foi aprovada nos EUA. Este fato desacelerará um pouco o desenvolvimento da produção local. O preço do minério, segundo analistas, em breve cairá em {change}%."/>
    <text id="applied_local_name" need_translate="false" value=""/>
    <text id="description" need_translate="false" value="A redução nas tarifas de importação levará a uma diminuição de {change}% no preço do minério para as empresas locais."/>
    <text id="extended_name" need_translate="false" value="Reduzir a tarifa de importação sobre o minério"/>
    <text id="name" need_translate="false" value="Tarifa de importação sobre o minério"/>
    <text id="short_description" need_translate="false" value="Reduzir a tarifa"/>
  </law_59>
  <law_60>
    <text id="applied_federal_name" need_translate="false" value="Os Estados Unidos aprovaram a lei federal &quot;{law}&quot;. Espera-se que isso aumente o volume de mercadorias no mercado interno, o que, segundo analistas, levará a uma queda no preço do minério em {change}%."/>
    <text id="applied_local_name" need_translate="false" value=""/>
    <text id="description" need_translate="false" value="O aumento na tarifa de exportação levará a uma diminuição de {change}% no preço do minério para as empresas locais."/>
    <text id="extended_name" need_translate="false" value="Aumentar a tarifa de exportação sobre o minério"/>
    <text id="name" need_translate="false" value="Tarifa de exportação sobre o minério"/>
    <text id="short_description" need_translate="false" value="Aumentar a tarifa"/>
  </law_60>
  <law_6>
    <text id="applied_federal_name" need_translate="false" value="Os Estados Unidos aprovaram a lei federal &quot;{law}&quot;. De acordo com estimativas preliminares, isso reduzirá a taxa de acidentes em {accident}%, mas a manutenção do local de trabalho se tornará $ {value} mais cara."/>
    <text id="applied_local_name" need_translate="false" value=""/>
    <text id="description" need_translate="false" value="Os requisitos para fornecimento de empregos nas empresas serão reforçados a fim de prevenir lesões e acidentes de trabalho. O custo de manutenção do local de trabalho será aumentado em {maintenance}%, e a taxa de acidentes será reduzida em {accident_risk}%" />
    <text id="extended_name" need_translate="false" value="Fortalecer os requisitos para padrões mínimos de segurança na organização do local de trabalho"/>
    <text id="name" need_translate="false" value="Padrões mínimos de segurança na organização do local de trabalho"/>
    <text id="short_description" need_translate="false" value="Fortalecer requisitos"/>
  </law_6>
  <law_61>
    <text id="applied_federal_name" need_translate="false" value="Os Estados Unidos aprovaram a lei federal &quot;{law}&quot;. Este fato provavelmente reduzirá o volume de mercadorias vendidas por empresas dentro do país, o que, segundo analistas, levará em breve a um aumento no preço do minério em {change}%" />
    <text id="applied_local_name" need_translate="false" value=""/>
    <text id="description" need_translate="false" value="A redução nas tarifas de exportação levará a um aumento de {change}% no preço do minério para as empresas locais."/>
    <text id="extended_name" need_translate="false" value="Reduzir a tarifa de exportação sobre o minério"/>
    <text id="name" need_translate="false" value="Tarifa de exportação sobre o minério"/>
    <text id="short_description" need_translate="false" value="Reduzir a tarifa"/>
  </law_61>
  <law_62>
    <text id="applied_federal_name" need_translate="false" value="Os Estados Unidos aprovaram a lei federal &quot;{law}&quot;. Esta medida visa promover o desenvolvimento da produção local. Segundo analistas, o preço do querosene em breve aumentará em {change}%."/>
    <text id="applied_local_name" need_translate="false" value=""/>
    <text id="description" need_translate="false" value="O aumento nas tarifas de importação levará a um aumento de {change}% no preço do querosene para as empresas locais."/>
    <text id="extended_name" need_translate="false" value="Aumentar a tarifa de importação sobre o querosene"/>
    <text id="name" need_translate="false" value="Tarifa de importação sobre o querosene"/>
    <text id="short_description" need_translate="false" value="Aumentar a tarifa"/>
  </law_62>
  <law_63>
    <text id="applied_federal_name" need_translate="false" value="Os Estados Unidos aprovaram a lei federal &quot;{law}&quot;. Este fato desacelerará um pouco o desenvolvimento da produção local. O preço do querosene, segundo analistas, em breve cairá em {change}%."/>
    <text id="applied_local_name" need_translate="false" value=""/>
    <text id="description" need_translate="false" value="A redução nas tarifas de importação levará a uma diminuição de {change}% no preço do querosene para as empresas locais."/>
    <text id="extended_name" need_translate="false" value="Reduzir a tarifa de importação sobre o querosene"/>
    <text id="name" need_translate="false" value="Tarifa de importação sobre o querosene"/>
    <text id="short_description" need_translate="false" value="Reduzir a tarifa"/>
  </law_63>
  <law_64>
    <text id="applied_federal_name" need_translate="false" value="Os Estados Unidos aprovaram a lei federal &quot;{law}&quot;. Espera-se que isso aumente o volume de mercadorias no mercado interno, o que, segundo analistas, levará a uma queda no preço do querosene em {change}%."/>
    <text id="applied_local_name" need_translate="false" value=""/>
    <text id="description" need_translate="false" value="O aumento na tarifa de exportação levará a uma diminuição de {change}% no preço do querosene para as empresas locais."/>
    <text id="extended_name" need_translate="false" value="Aumentar a tarifa de exportação sobre o querosene"/>
    <text id="name" need_translate="false" value="Tarifa de exportação sobre o querosene"/>
    <text id="short_description" need_translate="false" value="Aumentar a tarifa"/>
  </law_64>
  <law_65>
    <text id="applied_federal_name" need_translate="false" value="Os Estados Unidos aprovaram a lei federal &quot;{law}&quot;. Este fato provavelmente reduzirá o volume de mercadorias vendidas por empresas dentro do país, o que, segundo analistas, levará em breve a um aumento no preço do querosene em {change}%."/>
    <text id="applied_local_name" need_translate="false" value=""/>
    <text id="description" need_translate="false" value="A redução nas tarifas de exportação levará a um aumento de {change}% no preço do querosene para as empresas locais."/>
    <text id="extended_name" need_translate="false" value="Reduzir a tarifa de exportação sobre o querosene"/>
    <text id="name" need_translate="false" value="Tarifa de exportação sobre o querosene"/>
    <text id="short_description" need_translate="false" value="Reduzir a tarifa"/>
  </law_65>
  <law_66>
    <text id="applied_federal_name" need_translate="false" value="Os Estados Unidos aprovaram a lei federal &quot;{law}&quot;. Agora, as empresas estão privadas da oportunidade de contratar trabalhadores com menos de {value} anos, o que levará à necessidade de contratar especialistas mais qualificados e, como resultado, à redução do desemprego em todos os estados."/>
    <text id="applied_local_name" need_translate="false" value=""/>
    <text id="description" need_translate="false" value="Levará a uma diminuição na porcentagem da população em idade ativa e, como resultado, a uma redução do desemprego em todos os estados."/>
    <text id="extended_name" need_translate="false" value="Aumentar o limite mínimo da idade de trabalho"/>
    <text id="name" need_translate="false" value="Limite mínimo da idade de trabalho"/>
    <text id="short_description" need_translate="false" value="Aumentar o limite"/>
  </law_66>
  <law_67>
    <text id="applied_federal_name" need_translate="false" value="Os Estados Unidos aprovaram a lei federal &quot;{law}&quot;. As empresas agora poderão novamente contratar trabalhadores que atingiram a idade de {value} anos, o que reduzirá a necessidade de contratar trabalhadores mais qualificados e, como resultado, levará ao aumento do desemprego em todos os estados."/>
    <text id="applied_local_name" need_translate="false" value=""/>
    <text id="description" need_translate="false" value="Levará a um aumento na porcentagem da população em idade ativa e, como resultado, ao aumento do desemprego em todos os estados."/>
    <text id="extended_name" need_translate="false" value="Diminuir o limite mínimo da idade de trabalho"/>
    <text id="name" need_translate="false" value="Limite mínimo da idade de trabalho"/>
    <text id="short_description" need_translate="false" value="Diminuir o limite"/>
  </law_67>
  <law_68>
    <text id="applied_federal_name" need_translate="false" value=""/>
    <text id="applied_local_name" need_translate="false" value="O estado aprovou a &quot;{law}&quot;. O valor da multa para empresas que causarem acidentes industriais foi aumentado em {change}%, e agora corresponde a {new_value}% da receita. Supõe-se que isso servirá como um incentivo adicional para melhorar as condições de trabalho dos trabalhadores."/>
    <text id="description" need_translate="false" value="Resultará em um aumento de {change}% na multa paga sobre a receita das empresas em caso de acidentes industriais."/>
    <text id="extended_name" need_translate="false" value="Aumentar o valor da multa por violação das regulamentações técnicas"/>
    <text id="name" need_translate="false" value="O valor da multa por violação das regulamentações tecnológicas"/>
    <text id="short_description" need_translate="false" value="Aumentar o valor da multa"/>
  </law_68>
  <law_69>
    <text id="applied_federal_name" need_translate="false" value=""/>
    <text id="applied_local_name" need_translate="false" value="O {state} aprovou a &quot;{law}&quot;. O valor da multa para empresas que causarem acidentes industriais foi reduzido em {change}%, e agora corresponde a {new_value}% da receita. Obviamente, a responsabilidade reduzida para empresas que arriscam a vida de seus empregados para ficar ricas o mais rápido possível aumentará a tensão na sociedade e pode causar um aumento no número de greves."/>
    <text id="description" need_translate="false" value="Resultará em uma redução de {change}% na multa paga pelas empresas sobre sua receita em caso de acidentes industriais."/>
    <text id="extended_name" need_translate="false" value="Reduzir o valor da multa por violação das regulamentações técnicas"/>
    <text id="name" need_translate="false" value="O valor da multa por violação das regulamentações tecnológicas"/>
    <text id="short_description" need_translate="false" value="Reduzir o valor da multa"/>
  </law_69>
  <law_70>
    <text id="applied_federal_name" need_translate="false" value=""/>
    <text id="applied_local_name" need_translate="false" value="O {state} aprovou a &quot;{law}&quot;. A partir deste momento, a orientação não tradicional não poderá mais servir como pretexto para perseguição, e figuras influentes podem não temer mais ser comprometidas por relacionamentos entre pessoas do mesmo sexo."/>
    <text id="description" need_translate="false" value="O bônus de {change}% na chance de detetives encontrarem evidências comprometedoras sobre personagens com os traços &quot;homossexual&quot; e &quot;lésbica&quot; será cancelado."/>
    <text id="extended_name" need_translate="false" value="Permitir relacionamentos homossexuais"/>
    <text id="name" need_translate="false" value="Relacionamentos homossexuais"/>
    <text id="short_description" need_translate="false" value="Permitido"/>
  </law_70>
  <law_7>
    <text id="applied_federal_name" need_translate="false" value="Os Estados Unidos aprovaram a lei federal &quot;{law}&quot;. De acordo com estimativas preliminares, isso aumentará a taxa de acidentes em {accident}%, mas o custo de manutenção do local de trabalho diminuirá em $ {value}."/>
    <text id="applied_local_name" need_translate="false" value=""/>
    <text id="description" need_translate="false" value="Os requisitos para fornecimento de empregos nas empresas serão flexibilizados. O custo de manutenção do local de trabalho será reduzido em {maintenance}%, a taxa de acidentes será aumentada em {accident_risk}%" />
    <text id="extended_name" need_translate="false" value="Afrouxar os requisitos para os padrões mínimos de segurança na organização do local de trabalho"/>
    <text id="name" need_translate="false" value="Padrões mínimos de segurança na organização do local de trabalho"/>
    <text id="short_description" need_translate="false" value="Afrouxar requisitos"/>
  </law_7>
  <law_71>
    <text id="applied_federal_name" need_translate="false" value=""/>
    <text id="applied_local_name" need_translate="false" value="O {state} aprovou a &quot;{law}&quot;. A partir deste momento, a orientação sexual homossexual é um pretexto para perseguição, razão pela qual figuras influentes do estado {state} que preferem relacionamentos entre pessoas do mesmo sexo devem temer ser comprometidas."/>
    <text id="description" need_translate="false" value="O bônus de {change}% na chance de um detetive encontrar evidências comprometedoras sobre personagens com os traços &quot;homossexual&quot; e &quot;lésbica&quot; se tornará ativo."/>
    <text id="extended_name" need_translate="false" value="Proibir relacionamentos homossexuais"/>
    <text id="name" need_translate="false" value="Relacionamentos homossexuais"/>
    <text id="short_description" need_translate="false" value="Proibido"/>
  </law_71>
  <law_72>
    <text id="applied_federal_name" need_translate="false" value=""/>
    <text id="applied_local_name" need_translate="false" value="O {state} aprovou a &quot;{law}&quot;. Agora o governador é eleito pelo povo."/>
    <text id="description" need_translate="false" value="Estabelecer o eleitorado do governador. Isso levará à possibilidade de eleições e à influência sobre elas."/>
    <text id="extended_name" need_translate="false" value="Eleições do governador"/>
    <text id="name" need_translate="false" value="Eleições do governador"/>
    <text id="short_description" need_translate="false" value="Eleito pelo povo"/>
  </law_72>
  <law_73>
    <text id="applied_federal_name" need_translate="false" value=""/>
    <text id="applied_local_name" need_translate="false" value="A lei {law} foi adotada no estado de {state}. Agora o governador é nomeado pelo governador"/>
    <text id="description" need_translate="false" value="Estabelecer a nomeação do governador. Isso levará à impossibilidade de eleições e à influência sobre elas."/>
    <text id="extended_name" need_translate="false" value="Nomeação do governador"/>
    <text id="name" need_translate="false" value="Nomeação do governador"/>
    <text id="short_description" need_translate="false" value="Nomeado pelo governador"/>
  </law_73>
  <law_74>
    <text id="applied_federal_name" need_translate="false" value=""/>
    <text id="applied_local_name" need_translate="false" value="O estado de {state} aprovou a lei &quot;{law}&quot;. O próximo governador do estado ficará {term} em seu cargo."/>
    <text id="description" need_translate="false" value="Definir o mandato do governador para {term}. Isso não afetará o mandato do governador atual."/>
    <text id="extended_name" need_translate="false" value="Aumentar o mandato do governador"/>
    <text id="name" need_translate="false" value="Mandato do governador"/>
    <text id="short_description" need_translate="false" value="Aumentar o mandato"/>
  </law_74>
  <law_75>
    <text id="applied_federal_name" need_translate="false" value=""/>
    <text id="applied_local_name" need_translate="false" value="O estado de {state} aprovou a lei &quot;{law}&quot;. O próximo governador do estado ficará {term} em seu cargo."/>
    <text id="description" need_translate="false" value="Definir o mandato do governador para {term}. Isso não afetará o mandato do governador atual."/>
    <text id="extended_name" need_translate="false" value="Reduzir o mandato do governador"/>
    <text id="name" need_translate="false" value="Mandato do governador"/>
    <text id="short_description" need_translate="false" value="Reduzir o mandato"/>
  </law_75>
  <law_76>
    <text id="applied_federal_name" need_translate="false" value=""/>
    <text id="applied_local_name" need_translate="false" value="O estado de {state} aprovou a lei &quot;{law}&quot;. Agora, uma pessoa não poderá ocupar o cargo de governador por mais de {term}."/>
    <text id="description" need_translate="false" value="Definir o número máximo de mandatos para o governador como {term}. Após a adoção da lei, uma pessoa não poderá ocupar o cargo de governador por mais de {term}."/>
    <text id="extended_name" need_translate="false" value="Aumentar o número máximo de mandatos do governador"/>
    <text id="name" need_translate="false" value="Número máximo de mandatos do governador"/>
    <text id="short_description" need_translate="false" value="Aumentar"/>
  </law_76>
  <law_77>
    <text id="applied_federal_name" need_translate="false" value=""/>
    <text id="applied_local_name" need_translate="false" value="O estado de {state} aprovou a lei &quot;{law}&quot;. Agora, uma pessoa não poderá ocupar o cargo de governador por mais de {term}."/>
    <text id="description" need_translate="false" value="Definir o número máximo de mandatos para o governador como {term}. Após a adoção da lei, uma pessoa não poderá ocupar o cargo de governador por mais de {term}."/>
    <text id="extended_name" need_translate="false" value="Reduzir o número máximo de mandatos do governador"/>
    <text id="name" need_translate="false" value="Número máximo de mandatos do governador"/>
    <text id="short_description" need_translate="false" value="Reduzir"/>
  </law_77>
  <law_78>
    <text id="applied_federal_name" need_translate="false" value=""/>
    <text id="applied_local_name" need_translate="false" value="O estado de {state} aprovou a lei &quot;{law}&quot;. Agora, o procurador será eleito pelo povo."/>
    <text id="description" need_translate="false" value="Estabelecer a seletividade do procurador. Isso levará à possibilidade de eleições e à influência sobre elas."/>
    <text id="extended_name" need_translate="false" value="Eleições para o cargo de procurador"/>
    <text id="name" need_translate="false" value="Eleições para o procurador"/>
    <text id="short_description" need_translate="false" value="Eleito pelo povo"/>
  </law_78>
  <law_79>
    <text id="applied_federal_name" need_translate="false" value=""/>
    <text id="applied_local_name" need_translate="false" value="O estado de {state} aprovou a lei &quot;{law}&quot;. Agora, o procurador será nomeado pelo governador."/>
    <text id="description" need_translate="false" value="Estabelecer a nomeação do procurador. Isso levará à impossibilidade de eleições e à influência sobre elas."/>
    <text id="extended_name" need_translate="false" value="Nomeação do procurador"/>
    <text id="name" need_translate="false" value="Nomeação do procurador"/>
    <text id="short_description" need_translate="false" value="Nomeado pelo governador"/>
  </law_79>
  <law_80>
    <text id="applied_federal_name" need_translate="false" value=""/>
    <text id="applied_local_name" need_translate="false" value="O estado de {state} aprovou a lei &quot;{law}&quot;. O próximo procurador do estado permanecerá {term} em seu cargo."/>
    <text id="description" need_translate="false" value="Estabelecer o mandato do procurador em {term}. Isso não afetará o mandato do procurador atual."/>
    <text id="extended_name" need_translate="false" value="Aumentar o mandato do procurador"/>
    <text id="name" need_translate="false" value="Mandato do procurador"/>
    <text id="short_description" need_translate="false" value="Aumentar o mandato do procurador"/>
  </law_80>
  <law_8>
    <text id="applied_federal_name" need_translate="false" value="Os Estados Unidos aprovaram a lei federal &quot;{law}&quot;. Os trabalhadores em todo o país agora se sentirão mais seguros, e espera-se que o risco de greves em estados anteriormente não regulamentados aumente em {value}%."/>
    <text id="applied_local_name" need_translate="false" value="O estado de {state} aprovou a lei &quot;{law}&quot;. Os trabalhadores agora se sentirão mais seguros e, portanto, espera-se que o risco de greves aumente em {value}%."/>
    <text id="description" need_translate="false" value="As atividades sindicais serão permitidas e regulamentadas, o que aumentará o risco de greves em {strike_risk}%."/>
    <text id="extended_name" need_translate="false" value="Regulamentar as atividades sindicais"/>
    <text id="name" need_translate="false" value="Atividades sindicais"/>
    <text id="short_description" need_translate="false" value="Atividades regulamentadas"/>
  </law_8>
  <law_81>
    <text id="applied_federal_name" need_translate="false" value=""/>
    <text id="applied_local_name" need_translate="false" value="O estado de {state} aprovou a lei &quot;{law}&quot;. O próximo procurador do estado exercerá {term} em seu cargo."/>
    <text id="description" need_translate="false" value="Defina o mandato do procurador {term}. Isso não afetará o mandato do procurador atual."/>
    <text id="extended_name" need_translate="false" value="Reduzir o mandato do procurador"/>
    <text id="name" need_translate="false" value="Mandato do procurador"/>
    <text id="short_description" need_translate="false" value="Reduzir o mandato"/>
  </law_81>
  <law_82>
    <text id="applied_federal_name" need_translate="false" value=""/>
    <text id="applied_local_name" need_translate="false" value="O estado de {state} aprovou a lei &quot;{law}&quot;. Agora, uma pessoa não poderá ocupar o cargo de procurador por mais de {term}."/>
    <text id="description" need_translate="false" value="Defina o número máximo de mandatos do procurador {term}. Após a adoção da lei, uma pessoa não poderá ocupar o cargo de procurador por mais de {term}."/>
    <text id="extended_name" need_translate="false" value="Aumentar o número máximo de mandatos do procurador"/>
    <text id="name" need_translate="false" value="Número máximo de mandatos do procurador"/>
    <text id="short_description" need_translate="false" value="Aumentar"/>
  </law_82>
  <law_83>
    <text id="applied_federal_name" need_translate="false" value=""/>
    <text id="applied_local_name" need_translate="false" value="O estado de {state} aprovou a lei &quot;{law}&quot;. Agora, uma pessoa não poderá ocupar o cargo de procurador por mais de {term}."/>
    <text id="description" need_translate="false" value="Defina o número máximo de mandatos do procurador {term}. Após a adoção da lei, uma pessoa não poderá ocupar o cargo de procurador por mais de {term}."/>
    <text id="extended_name" need_translate="false" value="Reduzir o número máximo de mandatos do procurador"/>
    <text id="name" need_translate="false" value="Número máximo de mandatos do procurador"/>
    <text id="short_description" need_translate="false" value="Reduzir"/>
  </law_83>
  <law_84>
    <text id="applied_federal_name" need_translate="false" value=""/>
    <text id="applied_local_name" need_translate="false" value="O {state} aprovou a lei &quot;{law}&quot;. Agora, o chefe de polícia é eleito pelo povo."/>
    <text id="description" need_translate="false" value="Estabelecer a seletividade do chefe de polícia. Isso levará à possibilidade de eleições e influência sobre elas."/>
    <text id="extended_name" need_translate="false" value="Eleição do Chefe de Polícia"/>
    <text id="name" need_translate="false" value="Eleição do Chefe de Polícia"/>
    <text id="short_description" need_translate="false" value="Eleito pelo povo"/>
  </law_84>
  <law_85>
    <text id="applied_federal_name" need_translate="false" value=""/>
    <text id="applied_local_name" need_translate="false" value="O {state} aprovou a lei &quot;{law}&quot;. O chefe de polícia agora é nomeado pelo governador."/>
    <text id="description" need_translate="false" value="Estabelecer a nomeação do chefe de polícia. Isso levará à impossibilidade de eleições e influência sobre elas."/>
    <text id="extended_name" need_translate="false" value="Nomeação do Chefe de Polícia"/>
    <text id="name" need_translate="false" value="Nomeação do Chefe de Polícia"/>
    <text id="short_description" need_translate="false" value="Nomeado pelo Governador"/>
  </law_85>
  <law_86>
    <text id="applied_federal_name" need_translate="false" value=""/>
    <text id="applied_local_name" need_translate="false" value="O {state} aprovou a lei &quot;{law}&quot;. O próximo chefe de polícia estadual ficará no cargo por {term}."/>
    <text id="description" need_translate="false" value="Estabelecer o mandato do chefe de polícia em {term}. Isso não afetará o mandato do atual chefe de polícia."/>
    <text id="extended_name" need_translate="false" value="Aumentar o mandato do chefe de polícia"/>
    <text id="name" need_translate="false" value="Mandato do chefe de polícia"/>
    <text id="short_description" need_translate="false" value="Aumentar o mandato"/>
  </law_86>
  <law_87>
    <text id="applied_federal_name" need_translate="false" value=""/>
    <text id="applied_local_name" need_translate="false" value="O {state} aprovou a lei &quot;{law}&quot;. O próximo chefe de polícia estadual ficará no cargo por {term}."/>
    <text id="description" need_translate="false" value="Estabelecer o mandato do chefe de polícia em {term}. Isso não afetará o mandato do atual chefe de polícia."/>
    <text id="extended_name" need_translate="false" value="Reduzir o mandato do chefe de polícia"/>
    <text id="name" need_translate="false" value="Mandato do chefe de polícia"/>
    <text id="short_description" need_translate="false" value="Reduzir o mandato"/>
  </law_87>
  <law_88>
    <text id="applied_federal_name" need_translate="false" value=""/>
    <text id="applied_local_name" need_translate="false" value="O {state} aprovou a lei &quot;{law}&quot;. Agora, uma pessoa não poderá ocupar o cargo de chefe de polícia por mais de {term}."/>
    <text id="description" need_translate="false" value="Estabelecer o número máximo de mandatos para o chefe de polícia em {term}. Após a adoção da lei, uma pessoa não poderá ocupar o cargo de chefe de polícia por mais de {term}."/>
    <text id="extended_name" need_translate="false" value="Aumentar o número máximo de mandatos do chefe de polícia"/>
    <text id="name" need_translate="false" value="Número máximo de mandatos do chefe de polícia"/>
    <text id="short_description" need_translate="false" value="Aumentar"/>
  </law_88>
  <law_89>
    <text id="applied_federal_name" need_translate="false" value=""/>
    <text id="applied_local_name" need_translate="false" value="O {state} aprovou a lei &quot;{law}&quot;. Agora, uma pessoa não poderá ocupar o cargo de chefe de polícia por mais de {term}."/>
    <text id="description" need_translate="false" value="Estabelecer o número máximo de mandatos para o chefe de polícia em {term}. Após a adoção da lei, uma pessoa não poderá ocupar o cargo de chefe de polícia por mais de {term}."/>
    <text id="extended_name" need_translate="false" value="Reduzir o número máximo de mandatos do chefe de polícia"/>
    <text id="name" need_translate="false" value="Número máximo de mandatos do chefe de polícia"/>
    <text id="short_description" need_translate="false" value="Reduzir"/>
  </law_89>
  <law_90>
    <text id="applied_federal_name" need_translate="false" value=""/>
    <text id="applied_local_name" need_translate="false" value="O {state} aprovou a lei &quot;{law}&quot;. Agora, o tesoureiro é eleito pelo povo."/>
    <text id="description" need_translate="false" value="Estabelecer a seletividade do tesoureiro. Isso levará à possibilidade de eleições e à influência sobre elas."/>
    <text id="extended_name" need_translate="false" value="Eleição do tesoureiro"/>
    <text id="name" need_translate="false" value="Eleição do tesoureiro"/>
    <text id="short_description" need_translate="false" value="Eleito pelo povo"/>
  </law_90>
  <law_9>
    <text id="applied_federal_name" need_translate="false" value="Os Estados Unidos aprovaram a lei federal &quot;{law}&quot;. Agora, se alguns estados também aprovarem uma lei semelhante, os trabalhadores não poderão mais ter certeza de que seus direitos estão protegidos."/>
    <text id="applied_local_name" need_translate="false" value="O {state} aprovou a lei &quot;{law}&quot;. Os empregados não têm mais certeza de que seus direitos serão protegidos, e, portanto, espera-se que o risco de greves caia {value} %."/>
    <text id="description" need_translate="false" value="As atividades sindicais serão proibidas, o que reduzirá o risco de greves em {strike_risk} %."/>
    <text id="extended_name" need_translate="false" value="Remover a regulamentação das atividades sindicais"/>
    <text id="name" need_translate="false" value="Atividades sindicais"/>
    <text id="short_description" need_translate="false" value="Atividades não regulamentadas"/>
  </law_9>
  <law_91>
    <text id="applied_federal_name" need_translate="false" value=""/>
    <text id="applied_local_name" need_translate="false" value="O {state} aprovou a lei &quot;{law}&quot;. O tesoureiro agora é nomeado pelo governador."/>
    <text id="description" need_translate="false" value="Estabelece a nomeação do tesoureiro. Isso levará à impossibilidade de eleições e influência sobre elas."/>
    <text id="extended_name" need_translate="false" value="Eleição do tesoureiro"/>
    <text id="name" need_translate="false" value="Eleição do tesoureiro"/>
    <text id="short_description" need_translate="false" value="Nomeado pelo Governador"/>
  </law_91>
  <law_92>
    <text id="applied_federal_name" need_translate="false" value=""/>
    <text id="applied_local_name" need_translate="false" value="O {state} aprovou a lei &quot;{law}&quot;. O próximo tesoureiro do estado ocupará o cargo por {term} na sua cadeira."/>
    <text id="description" need_translate="false" value="Define o mandato do tesoureiro como {term}. Isso não afetará o mandato do tesoureiro atual."/>
    <text id="extended_name" need_translate="false" value="Aumentar a duração do mandato do tesoureiro"/>
    <text id="name" need_translate="false" value="Duração do mandato do tesoureiro"/>
    <text id="short_description" need_translate="false" value="Aumentar a duração do mandato"/>
  </law_92>
  <law_93>
    <text id="applied_federal_name" need_translate="false" value=""/>
    <text id="applied_local_name" need_translate="false" value="O {state} aprovou a lei &quot;{law}&quot;. O próximo tesoureiro do estado ocupará o cargo por {term} na sua cadeira."/>
    <text id="description" need_translate="false" value="Define o mandato do tesoureiro como {term}. Isso não afetará o mandato do tesoureiro atual."/>
    <text id="extended_name" need_translate="false" value="Reduzir a duração do mandato do tesoureiro"/>
    <text id="name" need_translate="false" value="Duração do mandato do tesoureiro"/>
    <text id="short_description" need_translate="false" value="Reduzir a duração do mandato"/>
  </law_93>
  <law_94>
    <text id="applied_federal_name" need_translate="false" value=""/>
    <text id="applied_local_name" need_translate="false" value="O {state} aprovou a lei &quot;{law}&quot;. Agora, uma pessoa não poderá ocupar o cargo de tesoureiro por mais de {term}."/>
    <text id="description" need_translate="false" value="Defina o número máximo de mandatos para o tesoureiro como {term}. Após a adoção da lei, uma pessoa não poderá ocupar o cargo de tesoureiro por mais de {term}."/>
    <text id="extended_name" need_translate="false" value="Aumentar o número máximo de mandatos do tesoureiro"/>
    <text id="name" need_translate="false" value="Número máximo de mandatos do tesoureiro"/>
    <text id="short_description" need_translate="false" value="Aumentar"/>
  </law_94>
  <law_95>
    <text id="applied_federal_name" need_translate="false" value=""/>
    <text id="applied_local_name" need_translate="false" value="O {state} aprovou a lei &quot;{law}&quot;. Agora, uma pessoa não poderá ocupar o cargo de tesoureiro por mais de {term}."/>
    <text id="description" need_translate="false" value="Defina o número máximo de mandatos para o tesoureiro como {term}. Após a adoção da lei, uma pessoa não poderá ocupar o cargo de tesoureiro por mais de {term}."/>
    <text id="extended_name" need_translate="false" value="Reduzir o número máximo de mandatos do tesoureiro"/>
    <text id="name" need_translate="false" value="Número máximo de mandatos do tesoureiro"/>
    <text id="short_description" need_translate="false" value="Reduzir"/>
  </law_95>
  <law_group_0>
    <text id="accept_level" need_translate="false" value="Leis desse tipo são adotadas no nível federal"/>
    <text id="name" need_translate="false" value="Constitucional"/>
  </law_group_0>
  <law_group_1>
    <text id="accept_level" need_translate="false" value="Leis desse tipo são adotadas no nível federal"/>
    <text id="name" need_translate="false" value="Administrativo"/>
  </law_group_1>
  <law_group_2>
    <text id="accept_level" need_translate="false" value="Leis desse tipo são adotadas no nível federal"/>
    <text id="name" need_translate="false" value="Financeiro"/>
  </law_group_2>
  <law_group_3>
    <text id="accept_level" need_translate="false" value="Leis desse tipo são adotadas no nível federal"/>
    <text id="name" need_translate="false" value="Imposto"/>
  </law_group_3>
  <law_group_4>
    <text id="accept_level" need_translate="false" value="Leis desse tipo são adotadas no nível federal"/>
    <text id="name" need_translate="false" value="Trabalho"/>
  </law_group_4>
  <law_group_5>
    <text id="accept_level" need_translate="false" value="Leis desse tipo são adotadas no nível federal"/>
    <text id="name" need_translate="false" value="Criminal"/>
  </law_group_5>
  <law_group_6>
    <text id="accept_level" need_translate="false" value="Leis desse tipo são adotadas no nível federal"/>
    <text id="name" need_translate="false" value="Alfândega"/>
  </law_group_6>
</laws>
