<?xml version="1.0" encoding="UTF-8"?>
<player_achievements_description>
  <descriptions>
    <text id="artificial_manipulator" need_translate="false" value="Contrate %1 assistentes"/>
    <text id="assets_rank" need_translate="false" value="Classificação TOP-%1"/>
    <text id="bloody_prince" need_translate="false" value="Complete as ambições de %1 personagens"/>
    <text id="cashflow_generator" need_translate="false" value="Alcance um fluxo de caixa consistente para o trimestre - $ %1"/>
    <text id="collector" need_translate="false" value="Adquira %1 itens de luxo em uma coleção"/>
    <text id="combinator" need_translate="false" value="Crie %1 integrações verticais"/>
    <text id="corrupting_power" need_translate="false" value="Faça %1 acordos corruptos"/>
    <text id="country_figure" need_translate="false" value="Ajude assistentes a vencerem eleições congressionais %1 vezes"/>
    <text id="diplomat_of_devil" need_translate="false" value="Conduza %1 negociações bem-sucedidas"/>
    <text id="great_raider" need_translate="false" value="Assuma o controle de %1 empresas, independentemente do tipo"/>
    <text id="individual" need_translate="false" value="Compre %1% das ações de qualquer empresa (exceto a empresa inicial)"/>
    <text id="influence_rank" need_translate="false" value="Classificação TOP-%1"/>
    <text id="local_lobbyist" need_translate="false" value="Aprove %1 leis locais"/>
    <text id="local_monopolist" need_translate="false" value="Capture %1% de participação no mercado em qualquer estado"/>
    <text id="master_of_secrets" need_translate="false" value="Obtenha %1 provas comprometedoras"/>
    <text id="plutocrat" need_translate="false" value="Ganhe $%1"/>
    <text id="political_heavyweight" need_translate="false" value="Aprove %1 leis federais"/>
    <text id="regional_figure" need_translate="false" value="Ajude assistentes a vencerem %1 eleições estaduais"/>
    <text id="shadow_ruler" need_translate="false" value="Obtenha %1 políticos locais ou federais mais leais. Autoridades não contam"/>
    <text id="speculator" need_translate="false" value="Ganhe $ %1 na bolsa de valores (apenas transações com ações pessoais são contadas)"/>
    <text id="techno-boom" need_translate="false" value="Garanta que %1 tecnologia na empresa em que você tem controle seja a mais avançada no desenvolvimento; Garanta que %2 tecnologia na empresa em que você tem controle seja a mais avançada no desenvolvimento; Garanta que %1 tecnologia na empresa em que você tem participação majoritária seja a mais avançada no desenvolvimento"/>
    <text id="themis_master" need_translate="false" value="Cancele %1 decisões judiciais"/>
    <text id="us_monopolist" need_translate="false" value="Capture %1% de participação no mercado dos EUA"/>
    <text id="walk_in_all_doors" need_translate="false" value="Obtenha %1 das autoridades mais leais. Políticos não contam"/>
    <text id="world_monopolist" need_translate="false" value="Capture %1% de participação no mercado global"/>
  </descriptions>
  <descriptions_complete>
    <text id="artificial_manipulator" need_translate="false" value="Você contratou %1 assistentes."/>
    <text id="assets_rank" need_translate="false" value="Você está na classificação TOP-%1."/>
    <text id="bloody_prince" need_translate="false" value="Você completou as ambições de %1 personagens."/>
    <text id="cashflow_generator" need_translate="false" value="Você alcançou um fluxo de caixa regular para o trimestre - $ %1"/>
    <text id="collector" need_translate="false" value="Você adquiriu %1 itens de luxo."/>
    <text id="combinator" need_translate="false" value="Você criou %1 integrações verticais."/>
    <text id="corrupting_power" need_translate="false" value="Você realizou %1 acordos corruptos."/>
    <text id="country_figure" need_translate="false" value="Você concorreu com %1 assistentes no país."/>
    <text id="diplomat_of_devil" need_translate="false" value="Você conduziu %1 negociações bem-sucedidas."/>
    <text id="great_raider" need_translate="false" value="Você assumiu o controle de %1 empresas."/>
    <text id="individual" need_translate="false" value="Você comprou %1% das ações da empresa."/>
    <text id="influence_rank" need_translate="false" value="Você está na classificação TOP-%1"/>
    <text id="local_lobbyist" need_translate="false" value="Você aprovou %1 leis locais."/>
    <text id="local_monopolist" need_translate="false" value="Você capturou %1% de participação no mercado do estado."/>
    <text id="master_of_secrets" need_translate="false" value="Você obteve %1 provas comprometedoras."/>
    <text id="plutocrat" need_translate="false" value="Você faturou $%1."/>
    <text id="political_heavyweight" need_translate="false" value="Você aprovou %1 leis federais."/>
    <text id="regional_figure" need_translate="false" value="Você concorreu com %1 assistentes no estado."/>
    <text id="shadow_ruler" need_translate="false" value="Você obteve %1 políticos completamente leais."/>
    <text id="speculator" need_translate="false" value="Você ganhou $%1 na bolsa de valores."/>
    <text id="techno-boom" need_translate="false" value="Você desenvolveu %1 tecnologia;Você desenvolveu %1 tecnologias;Você desenvolveu %1 tecnologias"/>
    <text id="themis_master" need_translate="false" value="Você cancelou %1 decisões judiciais."/>
    <text id="us_monopolist" need_translate="false" value="Você capturou %1% de participação no mercado dos EUA."/>
    <text id="walk_in_all_doors" need_translate="false" value="Você obteve %1 autoridades completamente leais."/>
    <text id="world_monopolist" need_translate="false" value="Você capturou %1% de participação no mercado mundial."/>
  </descriptions_complete>
  <names>
    <text id="artificial_manipulator" need_translate="false" value="Manipulador habilidoso"/>
    <text id="assets_rank" need_translate="false" value="Ranking de riqueza"/>
    <text id="bloody_prince" need_translate="false" value="Realizador de desejos"/>
    <text id="cashflow_generator" need_translate="false" value="Gerador de fluxo de caixa"/>
    <text id="collector" need_translate="false" value="Colecionador"/>
    <text id="combinator" need_translate="false" value="Negociador estratégico"/>
    <text id="corrupting_power" need_translate="false" value="Autoridade corruptora"/>
    <text id="country_figure" need_translate="false" value="Figura poderosa nos EUA"/>
    <text id="diplomat_of_devil" need_translate="false" value="Diplomata consumado"/>
    <text id="great_raider" need_translate="false" value="Grande saqueador"/>
    <text id="individual" need_translate="false" value="Proprietário exclusivo"/>
    <text id="influence_rank" need_translate="false" value="Ranking de influência"/>
    <text id="local_lobbyist" need_translate="false" value="Lobista local"/>
    <text id="local_monopolist" need_translate="false" value="Monopolista local"/>
    <text id="master_of_secrets" need_translate="false" value="Guardião de segredos"/>
    <text id="plutocrat" need_translate="false" value="Plutocrata"/>
    <text id="political_heavyweight" need_translate="false" value="Articulador político"/>
    <text id="regional_figure" need_translate="false" value="Figura regional"/>
    <text id="shadow_ruler" need_translate="false" value="Governante das sombras"/>
    <text id="speculator" need_translate="false" value="Especulador"/>
    <text id="techno-boom" need_translate="false" value="Explosão tecnológica"/>
    <text id="themis_master" need_translate="false" value="Mestre da justiça"/>
    <text id="us_monopolist" need_translate="false" value="Monopolista nos EUA"/>
    <text id="walk_in_all_doors" need_translate="false" value="Pessoa influente"/>
    <text id="world_monopolist" need_translate="false" value="Monopolista global"/>
  </names>
  <progress_text>
    <text id="artificial_manipulator" need_translate="false" value="Assistentes contratados:"/>
    <text id="assets_rank" need_translate="false" value="Posição atual:"/>
    <text id="bloody_prince" need_translate="false" value="Ambições realizadas:"/>
    <text id="cashflow_generator" need_translate="false" value="Fluxo de caixa:"/>
    <text id="collector" need_translate="false" value="Luxos adquiridos:"/>
    <text id="combinator" need_translate="false" value="Integrações verticais:"/>
    <text id="corrupting_power" need_translate="false" value="Acordos de corrupção:"/>
    <text id="country_figure" need_translate="false" value="Vitórias no Congresso:"/>
    <text id="diplomat_of_devil" need_translate="false" value="Negociações realizadas:"/>
    <text id="great_raider" need_translate="false" value="Controle de empresas:"/>
    <text id="individual" need_translate="false" value="Participação acionária comprada:"/>
    <text id="influence_rank" need_translate="false" value="Posição atual:"/>
    <text id="local_lobbyist" need_translate="false" value="Leis locais lobbyadas:"/>
    <text id="local_monopolist" need_translate="false" value="Participação de mercado no estado:"/>
    <text id="master_of_secrets" need_translate="false" value="Provas comprometedoras obtidas:"/>
    <text id="plutocrat" need_translate="false" value="Riqueza:"/>
    <text id="political_heavyweight" need_translate="false" value="Leis federais lobbyadas:"/>
    <text id="regional_figure" need_translate="false" value="Vitórias locais:"/>
    <text id="shadow_ruler" need_translate="false" value="Políticos leais:"/>
    <text id="speculator" need_translate="false" value="Ganhos com negociações:"/>
    <text id="techno-boom" need_translate="false" value="Tecnologias desenvolvidas:"/>
    <text id="themis_master" need_translate="false" value="Sentenças canceladas:"/>
    <text id="us_monopolist" need_translate="false" value="Participação de mercado nos EUA:"/>
    <text id="walk_in_all_doors" need_translate="false" value="Oficiais leais:"/>
    <text id="world_monopolist" need_translate="false" value="Participação de mercado no mundo:"/>
  </progress_text>
  <short_descriptions>
    <text id="artificial_manipulator" need_translate="false" value="%1 assistente;%1 assistentes;%1 assistentes"/>
    <text id="assets_rank" need_translate="false" value="TOP-%1"/>
    <text id="bloody_prince" need_translate="false" value="%1 ambição;%1 ambições;%1 ambições"/>
    <text id="cashflow_generator" need_translate="false" value="%1"/>
    <text id="collector" need_translate="false" value="%1 item;%1 itens;%1 itens"/>
    <text id="combinator" need_translate="false" value="%1 holding;%1 holdings;%1 holdings"/>
    <text id="corrupting_power" need_translate="false" value="%1 acordo;%1 acordos;%1 acordos"/>
    <text id="country_figure" need_translate="false" value="%1 vitória;%1 vitórias;%1 vitórias"/>
    <text id="diplomat_of_devil" need_translate="false" value="%1 negociações"/>
    <text id="great_raider" need_translate="false" value="%1 empresa;%1 empresas;%1 empresas"/>
    <text id="individual" need_translate="false" value="%1% ações"/>
    <text id="influence_rank" need_translate="false" value="TOP-%1"/>
    <text id="local_lobbyist" need_translate="false" value="%1 lei;%1 leis;%1 leis"/>
    <text id="local_monopolist" need_translate="false" value="%1% de participação de mercado"/>
    <text id="master_of_secrets" need_translate="false" value="%1 segredos;%1 segredos;%1 segredos"/>
    <text id="plutocrat" need_translate="false" value="Riqueza $%1"/>
    <text id="political_heavyweight" need_translate="false" value="%1 lei;%1 leis;%1 leis"/>
    <text id="regional_figure" need_translate="false" value="%1 vitória;%1 vitórias;%1 vitórias"/>
    <text id="shadow_ruler" need_translate="false" value="%1 personagem leal;%1 personagens leais;%1 personagens leais"/>
    <text id="speculator" need_translate="false" value="$ %1"/>
    <text id="techno-boom" need_translate="false" value="%1 tecnologia;%1 tecnologias;%1 tecnologias"/>
    <text id="themis_master" need_translate="false" value="%1 decisão judicial;%1 decisões judiciais;%1 decisões judiciais"/>
    <text id="us_monopolist" need_translate="false" value="%1% de participação de mercado"/>
    <text id="walk_in_all_doors" need_translate="false" value="%1 personagem leal;%1 personagens leais;%1 personagens leais"/>
    <text id="world_monopolist" need_translate="false" value="%1% de participação de mercado"/>
  </short_descriptions>
</player_achievements_description>
