<?xml version="1.0" encoding="UTF-8"?>
<random_events>
  <bribe_to_police_chief>
    <answer_0>
      <text id="expense_text" need_translate="false" value=""/>
      <text id="name" need_translate="false" value=""/>
      <text id="negative_artistic_text" need_translate="false" value=""/>
      <text id="negative_text" need_translate="false" value=""/>
      <text id="positive_artistic_text" need_translate="false" value=""/>
      <text id="positive_text" need_translate="false" value=""/>
    </answer_0>
    <answer_1>
      <text id="expense_text" need_translate="false" value="({money})"/>
      <text id="name" need_translate="false" value="Dar um suborno"/>
      <text id="negative_artistic_text" need_translate="false" value="Você entrega ao chefe de polícia um envelope com dinheiro. Derrubando o envelope de suas mãos, ele o leva sob custódia. Enquanto o julgamento está em andamento, ficaremos fora de operação."/>
      <text id="negative_text" need_translate="false" value="Você estará fora de operação por {trauma} trimestre"/>
      <text id="positive_artistic_text" need_translate="false" value="Você entrega ao chefe de polícia um envelope com uma quantia impressionante. Ele o coloca no bolso sem fazer perguntas e sai."/>
      <text id="positive_text" need_translate="false" value="Dinheiro: {money}&lt;br&gt;{person} {loyalty}"/>
    </answer_1>
    <answer_2>
      <text id="expense_text" need_translate="false" value="({influence})"/>
      <text id="hint_text" need_translate="false" value="Influência insuficiente"/>
      <text id="name" need_translate="false" value="Refutar as acusações"/>
      <text id="negative_artistic_text" need_translate="false" value="Suas tentativas de provar sua inocência apenas irritaram o chefe de polícia. Ele decidiu se vingar colocando você atrás das grades durante o julgamento."/>
      <text id="negative_text" need_translate="false" value="Influência: {influence}&lt;br&gt;Você estará fora de operação por {trauma} trimestres"/>
      <text id="positive_artistic_text" need_translate="false" value="Usando suas habilidades, você apresenta muitos argumentos que provam sua inocência. O chefe de polícia só pode sair de mãos vazias."/>
      <text id="positive_text" need_translate="false" value="Influência: {influence}"/>
    </answer_2>
    <answer_3>
      <text id="expense_text" need_translate="false" value="(Agente &quot;Coletor&quot;)"/>
      <text id="hint_text" need_translate="false" value="Agente «Coletor» necessário"/>
      <text id="name" need_translate="false" value="Intimidar testemunhas"/>
      <text id="negative_artistic_text" need_translate="false" value="Infelizmente, suas tentativas de lidar com as testemunhas foram malsucedidas. Você terá que ficar atrás das grades até o final do julgamento."/>
      <text id="negative_text" need_translate="false" value="Agente &quot;Coletor&quot; utilizado&lt;br&gt;Você estará fora de operação por {trauma} trimestre"/>
      <text id="positive_artistic_text" need_translate="false" value="Você recorreu a um coletor conhecido para convencer as testemunhas a retirarem seus depoimentos. Sua aposta funcionou, e logo o chefe de polícia recuou."/>
      <text id="positive_text" need_translate="false" value="O agente &quot;Coletor&quot; será utilizado"/>
    </answer_3>
    <answer_4>
      <text id="expense_text" need_translate="false" value=""/>
      <text id="name" need_translate="false" value="Isto é uma provocação"/>
      <text id="negative_artistic_text" need_translate="false" value="Ao deixar o caso ao acaso, você mostrou o pior lado de si mesmo. Você terá que permanecer atrás das grades até o final do julgamento."/>
      <text id="negative_text" need_translate="false" value="Reputação: {reputation}&lt;br&gt;Você está suspenso por {trauma} trimestres"/>
      <text id="positive_artistic_text" need_translate="false" value="Como resultado das verificações policiais, nada pôde ser encontrado. Parece que as especulações do chefe de polícia realmente se mostraram apenas uma provocação."/>
      <text id="positive_text" need_translate="false" value="Sem consequências"/>
    </answer_4>
    <text id="description" need_translate="false" value="O chefe de polícia local {person} vem até você e joga uma pilha de papéis na mesa. Ele afirma que há um grupo de testemunhas cujos depoimentos podem servir como base para iniciar um caso contra você. Parece ser uma tentativa de extorquir um suborno. Aparentemente, se você não resolver essa questão, pode ser enviado para a prisão enquanto o julgamento estiver em andamento. O que você fará?"/>
    <text id="name" need_translate="false" value="Suborno ao chefe de polícia"/>
  </bribe_to_police_chief>
  <buy_more_expensive_house>
    <answer_0>
      <text id="expense_text" need_translate="false" value="{cost}"/>
      <text id="hint_text" need_translate="false" value=""/>
      <text id="name" need_translate="false" value="Mudar-se para uma casa no valor de"/>
      <text id="negative_artistic_text" need_translate="false" value="A recepção na nova casa não teve efeito nos boatos que se espalhavam."/>
      <text id="negative_text" need_translate="false" value="Reputação: {reputation}"/>
      <text id="positive_artistic_text" need_translate="false" value="Após uma recepção em uma casa prestigiada, os boatos na alta sociedade desapareceram."/>
      <text id="positive_text" need_translate="false" value="Não há consequências."/>
    </answer_0>
    <answer_1>
      <text id="expense_text" need_translate="false" value="{cost}"/>
      <text id="hint_text" need_translate="false" value=""/>
      <text id="name" need_translate="false" value="Mudar-se para uma casa no valor de"/>
      <text id="negative_artistic_text" need_translate="false" value="A recepção na nova casa não teve efeito nos boatos que se espalhavam."/>
      <text id="negative_text" need_translate="false" value="Reputação: {reputation}"/>
      <text id="positive_artistic_text" need_translate="false" value="Após uma recepção em uma casa prestigiada, os boatos na alta sociedade desapareceram."/>
      <text id="positive_text" need_translate="false" value="Não há consequências."/>
    </answer_1>
    <answer_2>
      <text id="expense_text" need_translate="false" value=""/>
      <text id="hint_text" need_translate="false" value="Requer um item de luxo &quot;Casa&quot; mais caro que &lt;br&gt;{cost}"/>
      <text id="name" need_translate="false" value="Mudar-se para uma mansão histórica"/>
      <text id="negative_artistic_text" need_translate="false" value="A recepção na nova casa não teve efeito nos boatos que se espalhavam."/>
      <text id="negative_text" need_translate="false" value="Reputação: {reputation}"/>
      <text id="positive_artistic_text" need_translate="false" value="Após uma recepção em uma casa prestigiada, os boatos na alta sociedade desapareceram."/>
      <text id="positive_text" need_translate="false" value="Não há consequências."/>
    </answer_2>
    <answer_3>
      <text id="expense_text" need_translate="false" value=""/>
      <text id="hint_text" need_translate="false" value=""/>
      <text id="name" need_translate="false" value="Recusar"/>
      <text id="negative_artistic_text" need_translate="false" value="A propagação dos boatos afetou negativamente sua imagem."/>
      <text id="negative_text" need_translate="false" value="Reputação: {reputation}"/>
      <text id="positive_artistic_text" need_translate="false" value="Os boatos na alta sociedade pararam por conta própria, no entanto, deixaram sua marca em sua imagem."/>
      <text id="positive_text" need_translate="false" value="Não há consequências."/>
    </answer_3>
    <text id="description" need_translate="false" value="Na alta sociedade, há rumores de que você recebe uma renda considerável, mas continua morando em uma residência relativamente modesta. Você deve mudar de residência para uma mais prestigiosa e organizar uma recepção para dissipar a calúnia sobre sua avareza. Gwen preparou as opções possíveis:&lt;br&gt;1. Uma casa no valor de {cost_0}. Manutenção: {maintenance_0}&lt;br&gt;2. Uma casa no valor de {cost_1}. Manutenção: {maintenance_1}&lt;br&gt;3. Uma mansão histórica. Manutenção: {maintenance_2}&lt;br&gt;"/>
    <text id="name" need_translate="false" value="A Morada do Plutocrata"/>
  </buy_more_expensive_house>
  <change_active_techology>
    <answer_1>
      <text id="expense_text" need_translate="false" value=""/>
      <text id="hint_text" need_translate="false" value=""/>
      <text id="name" need_translate="false" value="Aprovar a iniciativa"/>
      <text id="negative_artistic_text" need_translate="false" value="Você concordou em mudar a tecnologia em desenvolvimento. O CEO tomou isso como garantido."/>
      <text id="negative_text" need_translate="false" value="{company} muda a tecnologia em desenvolvimento para {techname2} por 1 ano."/>
      <text id="positive_artistic_text" need_translate="false" value="Você concordou em mudar a tecnologia em desenvolvimento. O relacionamento com o CEO melhorou."/>
      <text id="positive_text" need_translate="false" value="{person} {loyalty}&lt;br&gt;{company} muda a tecnologia em desenvolvimento para {techname2} por 1 ano."/>
    </answer_1>
    <answer_2>
      <text id="expense_text" need_translate="false" value="({influence})"/>
      <text id="hint_text" need_translate="false" value="Influência insuficiente"/>
      <text id="name" need_translate="false" value="Desafiar a proposta"/>
      <text id="negative_artistic_text" need_translate="false" value="Você sucumbiu à pressão dos argumentos do CEO. O vetor de desenvolvimento da empresa será alterado por 1 ano."/>
      <text id="negative_text" need_translate="false" value="Influência: {influence}&lt;br&gt;{company} muda a tecnologia em desenvolvimento para {techname2} por 1 ano."/>
      <text id="positive_artistic_text" need_translate="false" value="Seus argumentos foram mais convincentes. A direção do desenvolvimento da empresa permanecerá a mesma."/>
      <text id="positive_text" need_translate="false" value="Influência: {influence}&lt;br&gt;Não há consequências."/>
    </answer_2>
    <answer_3>
      <text id="expense_text" need_translate="false" value=""/>
      <text id="hint_text" need_translate="false" value="Agente «Financista» necessário"/>
      <text id="name" need_translate="false" value="Contratar um consultor"/>
      <text id="negative_artistic_text" need_translate="false" value="O financista aprovou o novo plano, e sob pressão geral, você teve que concordar com a proposta do CEO."/>
      <text id="negative_text" need_translate="false" value="O agente «Financista» será usado &lt;br&gt;{company} muda a tecnologia em desenvolvimento para {techname2} por 1 ano."/>
      <text id="positive_artistic_text" need_translate="false" value="Comparando os planos de desenvolvimento atual e proposto, o Financista convenceu seu CEO a não mudar de curso."/>
      <text id="positive_text" need_translate="false" value="O agente «Financista» será usado&lt;br&gt;Sem outras consequências."/>
    </answer_3>
    <answer_4>
      <text id="expense_text" need_translate="false" value=""/>
      <text id="hint_text" need_translate="false" value=""/>
      <text id="name" need_translate="false" value="Prometer pensar sobre"/>
      <text id="negative_artistic_text" need_translate="false" value="O gerente sentiu que sua experiência e conhecimento foram descreditados por você."/>
      <text id="negative_text" need_translate="false" value="[portrait]{person} -{loyalty} ❤"/>
      <text id="positive_artistic_text" need_translate="false" value="O CEO recolheu os documentos apresentados e saiu sem mostrar emoção"/>
      <text id="positive_text" need_translate="false" value="Sem consequências."/>
    </answer_4>
    <text id="description" need_translate="false" value="{person}, diretor da {company}, traz uma nova proposta para o desenvolvimento da empresa para o próximo ano e insiste em mudar o vetor de desenvolvimento de {techname1} para {techname2}."/>
    <text id="name" need_translate="false" value="A Proposta de Desenvolvimento"/>
  </change_active_techology>
  <charity_evening>
    <answer_0>
      <text id="expense_text" need_translate="false" value="({money})"/>
      <text id="hint_text" need_translate="false" value=""/>
      <text id="name" need_translate="false" value="Doar uma grande quantia"/>
      <text id="negative_artistic_text" need_translate="false" value="Você está longe de ser o líder na lista de patronos, mas as pessoas apreciaram sua contribuição."/>
      <text id="negative_text" need_translate="false" value="Reputação: {reputation}&lt;br&gt;{person} &lt;br&gt;{loyalty}"/>
      <text id="positive_artistic_text" need_translate="false" value="Você está entre os primeiros na lista de patronos. As pessoas apreciaram sua generosidade."/>
      <text id="positive_text" need_translate="false" value="Reputação: {reputation}&lt;br&gt;{person} &lt;br&gt;{loyalty}"/>
    </answer_0>
    <answer_1>
      <text id="expense_text" need_translate="false" value="({money})"/>
      <text id="hint_text" need_translate="false" value=""/>
      <text id="name" need_translate="false" value="Fazer uma doação"/>
      <text id="negative_artistic_text" need_translate="false" value="Na lista de patronos, você está no final da lista e ninguém, exceto {person}, apreciou sua contribuição."/>
      <text id="negative_text" need_translate="false" value="{person} &lt;br&gt;{loyalty}"/>
      <text id="positive_artistic_text" need_translate="false" value="Você está longe de ser o líder na lista de patronos, mas as pessoas apreciaram sua contribuição."/>
      <text id="positive_text" need_translate="false" value="Reputação: {reputation}&lt;br&gt;{person} &lt;br&gt;{loyalty}"/>
    </answer_1>
    <answer_2>
      <text id="expense_text" need_translate="false" value="({influence})"/>
      <text id="hint_text" need_translate="false" value="Influência insuficiente"/>
      <text id="name" need_translate="false" value="Fazer um discurso motivacional"/>
      <text id="negative_artistic_text" need_translate="false" value="Seu nome não está na lista de patronos, e seu discurso não teve muito efeito."/>
      <text id="negative_text" need_translate="false" value="Não há consequências."/>
      <text id="positive_artistic_text" need_translate="false" value="Seu nome não está na lista de patronos, mas seu belo discurso foi apreciado por {person}."/>
      <text id="positive_text" need_translate="false" value="{person} &lt;br&gt;{loyalty}"/>
    </answer_2>
    <answer_3>
      <text id="expense_text" need_translate="false" value=""/>
      <text id="hint_text" need_translate="false" value=""/>
      <text id="name" need_translate="false" value="Não doar nada"/>
      <text id="negative_artistic_text" need_translate="false" value="Sua recusa em doar ofendeu {person}."/>
      <text id="negative_text" need_translate="false" value="{person} &lt;br&gt;{loyalty}"/>
      <text id="positive_artistic_text" need_translate="false" value="Sua recusa em doar foi recebida calmamente por {person}."/>
      <text id="positive_text" need_translate="false" value="Não há consequências."/>
    </answer_3>
    <text id="description" need_translate="false" value="Você participou de uma noite beneficente em apoio aos pobres, organizada na alta sociedade por um patrono local {person}. Chegou o momento em que {person} pediu uma doação."/>
    <text id="name" need_translate="false" value="Noite beneficente"/>
  </charity_evening>
  <company_accident_event>
    <answer_1>
      <text id="expense_text" need_translate="false" value=""/>
      <text id="hint_text" need_translate="false" value=""/>
      <text id="name" need_translate="false" value="Subornar os inspetores"/>
      <text id="negative_artistic_text" need_translate="false" value="Você teve que pagar aos inspetores muito mais do que esperava. No entanto, nenhuma violação foi encontrada, e a investigação do acidente foi encerrada."/>
      <text id="negative_text" need_translate="false" value="Reservas da empresa: {money}"/>
      <text id="positive_artistic_text" need_translate="false" value="Você conseguiu subornar os inspetores. Tendo recebido um suborno, os inspetores não encontraram violações. A investigação do acidente foi encerrada."/>
      <text id="positive_text" need_translate="false" value="Reservas da empresa: {money}"/>
    </answer_1>
    <answer_2>
      <text id="expense_text" need_translate="false" value=""/>
      <text id="hint_text" need_translate="false" value=""/>
      <text id="name" need_translate="false" value="Contactar o procurador"/>
      <text id="negative_artistic_text" need_translate="false" value="A tentativa de cancelar a investigação por {person} causou um escândalo. Como resultado da investigação, {company} foi multada, e {person} apenas arruinou sua reputação."/>
      <text id="negative_text" need_translate="false" value="Reputação {person}:&lt;br&gt;{reputation}&lt;br&gt;Multa da empresa: {money}"/>
      <text id="positive_artistic_text" need_translate="false" value="Graças à intervenção de {person}, a investigação do acidente foi cancelada."/>
      <text id="positive_text" need_translate="false" value="Sem consequências"/>
    </answer_2>
    <answer_3>
      <text id="expense_text" need_translate="false" value=""/>
      <text id="hint_text" need_translate="false" value=""/>
      <text id="name" need_translate="false" value="Simular sabotagem"/>
      <text id="negative_artistic_text" need_translate="false" value="Os inspetores revelaram várias violações de segurança, mas não encontraram vestígios de sabotagem. Como resultado da investigação, {company} foi multada."/>
      <text id="negative_text" need_translate="false" value="O agente Demolição será usado&lt;br&gt;Multa da empresa: {money}"/>
      <text id="positive_artistic_text" need_translate="false" value="Os inspetores acreditaram nas evidências plantadas no local do acidente. A investigação não foi encerrada, mas sua empresa não estava mais ameaçada por ela."/>
      <text id="positive_text" need_translate="false" value="O agente Demolição será usado"/>
    </answer_3>
    <answer_4>
      <text id="expense_text" need_translate="false" value=""/>
      <text id="hint_text" need_translate="false" value=""/>
      <text id="name" need_translate="false" value="Acompanhar a inspeção"/>
      <text id="negative_artistic_text" need_translate="false" value="Suas tentativas de distrair os inspetores falharam. Várias violações de segurança foram identificadas. Uma multa foi imposta a {company}, e sua reputação sofreu."/>
      <text id="negative_text" need_translate="false" value="Reputação: {reputation}&lt;br&gt;Multa da empresa: {money}"/>
      <text id="positive_artistic_text" need_translate="false" value="Você conversou tanto com os inspetores que eles não perceberam nenhuma das violações na empresa. Após a inspeção, a investigação do acidente foi encerrada."/>
      <text id="positive_text" need_translate="false" value="Sem consequências"/>
    </answer_4>
    <text id="description" need_translate="false" value="Um acidente ocorreu na empresa {company}, localizada no estado {state}, sob sua gestão, resultando em vítimas entre os trabalhadores. Muito provavelmente, foi causado pela negligência em medidas de segurança. {victims} trabalhadores foram afetados, e as instalações de produção onde trabalhavam foram destruídas. Uma inspeção para investigar as causas do incidente é esperada em breve. Algo precisa ser feito para evitar multas adicionais."/>
    <text id="name" need_translate="false" value="Acidente"/>
  </company_accident_event>
  <company_strike_event>
    <answer_1>
      <text id="expense_text" need_translate="false" value=""/>
      <text id="hint_text" need_translate="false" value=""/>
      <text id="name" need_translate="false" value="Discutir requisitos com os líderes"/>
      <text id="negative_artistic_text" need_translate="false" value="Os líderes foram inflexíveis, e você teve que aceitar todas as exigências dos trabalhadores. Os trabalhadores satisfeitos voltaram aos seus postos."/>
      <text id="negative_text" need_translate="false" value="O salário dos trabalhadores na {company_name} foi aumentada em {money}"/>
      <text id="positive_artistic_text" need_translate="false" value="Juntamente com os líderes dos trabalhadores, você chegou a um acordo de compromisso e uma opção menos custosa. Os trabalhadores satisfeitos voltaram aos seus postos."/>
      <text id="positive_text" need_translate="false" value="O salário dos trabalhadores na {company_name} foi aumentada em {money}&lt;br&gt;Reputação: {reputation}"/>
    </answer_1>
    <answer_2>
      <text id="expense_text" need_translate="false" value=""/>
      <text id="hint_text" need_translate="false" value=""/>
      <text id="name" need_translate="false" value="Contactar o chefe de polícia"/>
      <text id="negative_artistic_text" need_translate="false" value="A chegada da polícia não conseguiu dispersar a multidão com tranquilidade e uma briga eclodiu. A greve começou. O público condenou {person_name} pelo abuso de autoridade."/>
      <text id="negative_text" need_translate="false" value="Reputação {person_name}: {reputation}&lt;br&gt;Greve na {company_name}"/>
      <text id="positive_artistic_text" need_translate="false" value="Com a ajuda da polícia que chegou, você conseguiu dispersar a multidão de manifestantes. Ao verem os policiais com cassetetes, os trabalhadores decidiram abandonar a ideia de uma greve por um tempo."/>
      <text id="positive_text" need_translate="false" value="Sem consequências"/>
    </answer_2>
    <answer_3>
      <text id="expense_text" need_translate="false" value=""/>
      <text id="hint_text" need_translate="false" value=""/>
      <text id="name" need_translate="false" value="Declarar um dia de folga"/>
      <text id="negative_artistic_text" need_translate="false" value="A maioria dos trabalhadores não estava no concerto, mas apareceram em frente ao prédio da administração no dia seguinte, continuando a cantar suas frases de efeito. A greve começou."/>
      <text id="negative_text" need_translate="false" value="O agente Pianista será utilizado&lt;br&gt;Greve na {company_name}"/>
      <text id="positive_artistic_text" need_translate="false" value="Você anunciou um dia de folga e um concerto festivo. Regozijando-se pelo tempo livre e pelo pianista renomado, os trabalhadores temporariamente se esqueceram da greve."/>
      <text id="positive_text" need_translate="false" value="O agente Pianista será utilizado"/>
    </answer_3>
    <answer_4>
      <text id="expense_text" need_translate="false" value=""/>
      <text id="hint_text" need_translate="false" value=""/>
      <text id="name" need_translate="false" value="Acalmar a multidão"/>
      <text id="negative_artistic_text" need_translate="false" value="Assim que você apareceu na frente do prédio da administração, vegetais podres imediatamente voaram em sua direção. A multidão irritada não queria ouvir promessas vazias. A greve começou."/>
      <text id="negative_text" need_translate="false" value="Reputação: {reputation}&lt;br&gt;Greve na {company_name}"/>
      <text id="positive_artistic_text" need_translate="false" value="Você ouviu todos e prometeu resolver todos os problemas existentes em breve. Continuando a resmungar, os trabalhadores voltaram ao trabalho."/>
      <text id="positive_text" need_translate="false" value="Sem consequências"/>
    </answer_4>
    <text id="description" need_translate="false" value="Os empregados da empresa {company} no estado {state} se reuniram em frente ao prédio da administração e exigem um aumento salarial de {increase_per_worker}. Isso visa aumentar o fundo salarial em {total_increase}. No entanto, os trabalhadores estão determinados, e se suas demandas forem ignoradas, é provável que uma greve comece."/>
    <text id="name" need_translate="false" value="Greve dos trabalhadores"/>
  </company_strike_event>
  <donation_for_church>
    <answer_0>
      <text id="hint_text" need_translate="false" value=""/>
      <text id="negative_artistic_text" need_translate="false" value=""/>
      <text id="negative_text" need_translate="false" value=""/>
      <text id="positive_artistic_text" need_translate="false" value=""/>
      <text id="positive_text" need_translate="false" value=""/>
    </answer_0>
    <answer_1>
      <text id="expense_text" need_translate="false" value="({money})"/>
      <text id="hint_text" need_translate="false" value=""/>
      <text id="name" need_translate="false" value="Cobrir o valor de {person}"/>
      <text id="negative_artistic_text" need_translate="false" value="Ao ver o valor que você escreveu no cheque, {person} quase não conseguiu segurar o riso. Obviamente, ele esperava uma oferta mais generosa de você."/>
      <text id="negative_text" need_translate="false" value="Dinheiro: {money} &lt;br&gt;{person}: &lt;br&gt;{loyalty}&lt;br&gt;Renome: {popularity}"/>
      <text id="positive_artistic_text" need_translate="false" value="Você escreve um cheque esperando surpreender seu amigo com sua generosidade. Foi difícil para ele esconder a inveja ao ver o valor que você escreveu no cheque."/>
      <text id="positive_text" need_translate="false" value="Dinheiro: {money}&lt;br&gt;Renome: {popularity}"/>
    </answer_1>
    <answer_2>
      <text id="expense_text" need_translate="false" value="({influence})"/>
      <text id="hint_text" need_translate="false" value="Influência insuficiente"/>
      <text id="name" need_translate="false" value="Recorrer à oração"/>
      <text id="negative_artistic_text" need_translate="false" value="Ao se dirigir à multidão de paroquianos, você não conseguiu encontrar eco entre eles. Silenciosa e imperceptivelmente, foi condenado por tentar evitar uma doação para o templo."/>
      <text id="negative_text" need_translate="false" value="Influência: {influence} &lt;br&gt;Reputação: {reputation}"/>
      <text id="positive_artistic_text" need_translate="false" value="Levantando-se do banco, você, com uma carisma indescritível, convocou todos a esquecerem os bens mundanos e recorrerem à oração. A maioria dos paroquianos imediatamente seguiu seu conselho."/>
      <text id="positive_text" need_translate="false" value="Influência: {influence}&lt;br&gt;Renome: {popularity}"/>
    </answer_2>
    <answer_3>
      <text id="expense_text" need_translate="false" value="(Agente «Bispo»)"/>
      <text id="hint_text" need_translate="false" value="Agente «Cardeal» necessário"/>
      <text id="name" need_translate="false" value="Convidar o bispo"/>
      <text id="negative_artistic_text" need_translate="false" value="Sua oferta de convidar o Bispo foi rejeitada. A igreja agora precisa de doações mais do que de pessoas famosas."/>
      <text id="negative_text" need_translate="false" value="O agente «Bispo» será usado &lt;br&gt;Reputação: {reputation}"/>
      <text id="positive_artistic_text" need_translate="false" value="Você recorreu ao sacerdote, sugerindo que ele mesmo convidasse o Bispo para o sermão. Ele concordou sem hesitar."/>
      <text id="positive_text" need_translate="false" value="O agente «Bispo» será usado"/>
    </answer_3>
    <answer_4>
      <text id="expense_text" need_translate="false" value=""/>
      <text id="hint_text" need_translate="false" value=""/>
      <text id="name" need_translate="false" value="Não fazer nada"/>
      <text id="negative_artistic_text" need_translate="false" value="Sua recusa deixou seu amigo profundamente chateado. Nem é preciso dizer que, após este evento, começaram a circular rumores sobre você?"/>
      <text id="negative_text" need_translate="false" value="Reputação: {reputation} &lt;br&gt; {person}: {loyalty}"/>
      <text id="positive_artistic_text" need_translate="false" value="Sua recusa em doar para a igreja foi recebida com tranquilidade. Afinal, não há lugar para rancor e inveja no templo de Deus."/>
      <text id="positive_text" need_translate="false" value="Sem consequências"/>
    </answer_4>
    <text id="description" need_translate="false" value="Seu conhecido acionista {person} sugeriu que você fosse à igreja com ele para a missa de domingo. Após o serviço conduzido pelo sacerdote, as pessoas começaram a passar entre as fileiras de convidados, coletando doações. {person} colocou um grande cheque na tigela. Agora é a sua vez, o que você fará?"/>
    <text id="name" need_translate="false" value="Doação para a igreja"/>
  </donation_for_church>
  <hire_more_security>
    <answer_0>
      <text id="expense_text" need_translate="false" value="({money} / Q)"/>
      <text id="hint_text" need_translate="false" value=""/>
      <text id="name" need_translate="false" value="Contratar segurança adicional"/>
      <text id="negative_artistic_text" need_translate="false" value="Os guardas contratados reforçaram seu sistema de segurança."/>
      <text id="negative_text" need_translate="false" value="Novo risco de roubo: {robbery_risk}&lt;br&gt;Manutenção: {money} por trimestre&lt;br&gt;Renome: {popularity}"/>
      <text id="positive_artistic_text" need_translate="false" value="Entre os guardas contratados estava um ex-soldado que ajudou adicionalmente a melhorar a organização do seu sistema de segurança."/>
      <text id="positive_text" need_translate="false" value="Novo risco de roubo: {robbery_risk}&lt;br&gt;Manutenção: {money} por trimestre&lt;br&gt;Renome: {popularity}"/>
    </answer_0>
    <answer_1>
      <text id="expense_text" need_translate="false" value="({money} / Q)"/>
      <text id="hint_text" need_translate="false" value="É necessário um chefe de polícia leal"/>
      <text id="name" need_translate="false" value="Envolver a polícia"/>
      <text id="negative_artistic_text" need_translate="false" value="Os policiais reforçaram seu sistema de segurança."/>
      <text id="negative_text" need_translate="false" value="Novo risco de roubo: {robbery_risk}&lt;br&gt;Manutenção: {money} por trimestre&lt;br&gt;Renome: {popularity}"/>
      <text id="positive_artistic_text" need_translate="false" value="Os policiais reforçaram significativamente seu sistema de segurança."/>
      <text id="positive_text" need_translate="false" value="Novo risco de roubo: {robbery_risk}&lt;br&gt;Manutenção: {money} por trimestre&lt;br&gt;Renome: {popularity}"/>
    </answer_1>
    <answer_2>
      <text id="expense_text" need_translate="false" value="(Agente &quot;Capanga&quot;)"/>
      <text id="hint_text" need_translate="false" value="Um &quot;Capanga&quot; é necessário"/>
      <text id="name" need_translate="false" value="Contratar uma gangue para proteger"/>
      <text id="negative_artistic_text" need_translate="false" value="Os bandidos contratados reforçaram seu sistema de segurança."/>
      <text id="negative_text" need_translate="false" value="Novo risco de roubo: {robbery_risk}&lt;br&gt;Manutenção: {money} por trimestre&lt;br&gt;Renome: {popularity}"/>
      <text id="positive_artistic_text" need_translate="false" value="Ninguém pode proteger melhor contra bandidos do que os próprios bandidos."/>
      <text id="positive_text" need_translate="false" value="Novo risco de roubo: {robbery_risk}&lt;br&gt;Manutenção: {money} por trimestre&lt;br&gt;Renome: {popularity}"/>
    </answer_2>
    <answer_3>
      <text id="expense_text" need_translate="false" value=""/>
      <text id="hint_text" need_translate="false" value=""/>
      <text id="name" need_translate="false" value="Não aumentar a segurança"/>
      <text id="negative_artistic_text" need_translate="false" value="Seus seguranças, temendo demissão, começaram a desempenhar suas funções com mais diligência."/>
      <text id="negative_text" need_translate="false" value="Novo risco de roubo: {robbery_risk}"/>
      <text id="positive_artistic_text" need_translate="false" value="Sua segurança será suficiente em caso de problemas."/>
      <text id="positive_text" need_translate="false" value="Novo risco de roubo: {robbery_risk}"/>
    </answer_3>
    <text id="description" need_translate="false" value="Há mais pessoas querendo lucrar às custas dos outros - dizem que novas gangues apareceram no distrito. É hora de pensar em aumentar sua segurança!&lt;br&gt;&lt;br&gt;Risco de roubo: {robbery_risk}"/>
    <text id="name" need_translate="false" value="Reforçando o sistema de segurança"/>
  </hire_more_security>
  <hostile_takeover>
    <answer_1>
      <text id="expense_text" need_translate="false" value=""/>
      <text id="hint_text" need_translate="false" value="Requer um chefe de polícia leal no estado de {unit_name}"/>
      <text id="name" need_translate="false" value="Contatar o chefe de polícia"/>
      <text id="negative_artistic_text" need_translate="false" value="Infelizmente, o chefe de polícia não conseguiu intervir e impedir a tomada do negócio. Talvez os invasores tivessem alguma influência sobre a polícia estadual."/>
      <text id="negative_text" need_translate="false" value="A empresa está sendo tomada por {company_raider}&lt;br&gt;Você perde sua participação e recebe {summ} pelas suas ações"/>
      <text id="positive_artistic_text" need_translate="false" value="A polícia forçou todas as pessoas não autorizadas a saírem da sala do diretor e garantiu a segurança da empresa. Os invasores recuaram."/>
      <text id="positive_text" need_translate="false" value="Os invasores recuaram."/>
    </answer_1>
    <answer_2>
      <text id="expense_text" need_translate="false" value=""/>
      <text id="hint_text" need_translate="false" value="Agente «Caça-Talentos» necessário"/>
      <text id="name" need_translate="false" value="Convencer os acionistas a não venderem as ações"/>
      <text id="negative_artistic_text" need_translate="false" value="As tentativas de convencer os acionistas a não cederem à pressão dos invasores foram malsucedidas, e a tomada da empresa foi bem-sucedida."/>
      <text id="negative_text" need_translate="false" value="A empresa está sendo tomada por {company_raider}&lt;br&gt;Você perde sua participação e recebe {summ} pelas suas ações"/>
      <text id="positive_artistic_text" need_translate="false" value="Você conseguiu convencer os outros acionistas a não cederem ao chantagem dos invasores, e o ataque deles terminou em fracasso."/>
      <text id="positive_text" need_translate="false" value="O ataque dos invasores falhou&lt;br&gt;{person_raider} agora te considera um inimigo"/>
    </answer_2>
    <answer_3>
      <text id="expense_text" need_translate="false" value=""/>
      <text id="hint_text" need_translate="false" value=""/>
      <text id="name" need_translate="false" value="Talvez tudo dê certo..."/>
      <text id="negative_artistic_text" need_translate="false" value="Depois de ouvir seus argumentos sobre os problemas da empresa, o CEO apenas apontou friamente que os problemas podem em breve ser acompanhados pela busca por um novo diretor."/>
      <text id="negative_text" need_translate="false" value="A empresa está sendo tomada por {company_raider}.&lt;br&gt;Você foi forçado a vender sua participação inteira por {summ}."/>
      <text id="positive_artistic_text" need_translate="false" value="O plano dos invasores não foi bom o suficiente. O CEO conseguiu retomar o controle da administração e a ameaça foi evitada."/>
      <text id="positive_text" need_translate="false" value="Sem consequências."/>
    </answer_3>
    <text id="description" need_translate="false" value="O CEO da empresa {company_name}, onde você possui {your_part}, informou que homens armados desconhecidos tomaram o controle do território da empresa, e um dos acionistas - {raider} ocupou o escritório do diretor e está gerenciando a empresa. Parece uma tomada de controle violenta da empresa. Se nada for feito, em alguns dias a empresa será tomada por uma corporação hostil."/>
    <text id="name" need_translate="false" value="Tentativa de invasão"/>
  </hostile_takeover>
  <increase_ceo_salary>
    <answer_1>
      <text id="expense_text" need_translate="false" value=""/>
      <text id="hint_text" need_translate="false" value=""/>
      <text id="name" need_translate="false" value="Discutir o novo salário"/>
      <text id="negative_artistic_text" need_translate="false" value="Seu gerente foi inflexível quanto ao valor do dinheiro, e você teve que ceder. Ele ficou muito satisfeito com a promoção."/>
      <text id="negative_text" need_translate="false" value="Salário do CEO aumentado em {company_profit_change}"/>
      <text id="positive_artistic_text" need_translate="false" value="Após discutir o valor, você concordou com um compromisso. O gerente ficou satisfeito com a promoção."/>
      <text id="positive_text" need_translate="false" value="Salário do CEO aumentado em {company_profit_change}&lt;br&gt;Lealdade {person}&lt;br&gt;{loyalty1}"/>
    </answer_1>
    <answer_2>
      <text id="expense_text" need_translate="false" value=""/>
      <text id="hint_text" need_translate="false" value="Agente «Caça-Talentos» necessário"/>
      <text id="name" need_translate="false" value="Conectar um Caça-Talentos"/>
      <text id="negative_artistic_text" need_translate="false" value="O Caça-Talentos foi eloquente - o gerente concordou em adiar a conversa sobre a promoção, mas o relacionamento com você azedou."/>
      <text id="negative_text" need_translate="false" value="Agente «Caça-Talentos» será usado&lt;br&gt;Lealdade {person}&lt;br&gt;{loyalty1}"/>
      <text id="positive_artistic_text" need_translate="false" value="O Caça-Talentos conseguiu convencer o CEO a não insistir no aumento salarial, falando sobre o atual mercado de trabalho e os salários de CEOs em outras empresas."/>
      <text id="positive_text" need_translate="false" value="Agente «Caça-Talentos» será usado."/>
    </answer_2>
    <answer_3>
      <text id="expense_text" need_translate="false" value=""/>
      <text id="hint_text" need_translate="false" value=""/>
      <text id="name" need_translate="false" value="Prometer pensar sobre"/>
      <text id="negative_artistic_text" need_translate="false" value="Após ouvir seus argumentos sobre os problemas da empresa, o CEO apenas apontou secamente que os problemas em breve poderão ser acompanhados pela busca por um novo CEO."/>
      <text id="negative_text" need_translate="false" value=""/>
      <text id="positive_artistic_text" need_translate="false" value="Você apresentou uma dúzia de razões pelas quais a empresa não pode aumentar o salário do gerente neste momento. Ele estava claramente insatisfeito, mas concordou em esperar um pouco."/>
      <text id="positive_text" need_translate="false" value=""/>
    </answer_3>
    <text id="description" need_translate="false" value="{person}, o CEO da {company}, pediu um aumento salarial de {salary_bonus}.&lt;br&gt;O aumento salarial reduzirá o lucro da empresa em {company_profit_change}, mas manterá a lealdade do CEO em um nível adequado para um trabalho eficaz. Se você ignorar constantemente o CEO, sua lealdade, cedo ou tarde, cairá para o mínimo, ele deixará o cargo e passará a tratá-lo com hostilidade."/>
    <text id="name" need_translate="false" value="Aumento salarial"/>
  </increase_ceo_salary>
  <invitation_to_brothel>
    <answer_0>
      <text id="expense_text" need_translate="false" value="({money})"/>
      <text id="hint_text" need_translate="false" value=""/>
      <text id="name" need_translate="false" value="Aceitar"/>
      <text id="negative_artistic_text" need_translate="false" value="Alguém te pegou neste lugar, e o público soube disso."/>
      <text id="negative_text" need_translate="false" value="Reputação: {reputation}"/>
      <text id="positive_artistic_text" need_translate="false" value="Durante a visita, uma das garotas contou sobre os gostos perversos de um frequentador da elite local, {person_b}."/>
      <text id="positive_text" need_translate="false" value="Recebido material comprometedor sobre {person_b}."/>
    </answer_0>
    <answer_1>
      <text id="expense_text" need_translate="false" value="(Agente &quot;Cortesan&quot;)"/>
      <text id="hint_text" need_translate="false" value="É necessário um &quot;Cortesan&quot;"/>
      <text id="name" need_translate="false" value="Ir com uma acompanhante"/>
      <text id="negative_artistic_text" need_translate="false" value="Você teve uma noite agradável em boa companhia."/>
      <text id="negative_text" need_translate="false" value="Não há consequências."/>
      <text id="positive_artistic_text" need_translate="false" value="Durante a visita, uma das garotas contou sobre os gostos perversos de um frequentador da elite local, {person_b}."/>
      <text id="positive_text" need_translate="false" value="Recebido material comprometedor sobre {person_b}."/>
    </answer_1>
    <answer_2>
      <text id="expense_text" need_translate="false" value=""/>
      <text id="hint_text" need_translate="false" value="É necessário o traço de caráter &quot;Religioso&quot;"/>
      <text id="name" need_translate="false" value="Apelo aos dogmas religiosos"/>
      <text id="negative_artistic_text" need_translate="false" value="Seus argumentos feriram {person_a} e a atitude em relação a você piorou."/>
      <text id="negative_text" need_translate="false" value=""/>
      <text id="positive_artistic_text" need_translate="false" value="Sua piedade impressionou profundamente {person_a}."/>
      <text id="positive_text" need_translate="false" value="Reputação: {reputation}"/>
    </answer_2>
    <answer_3>
      <text id="expense_text" need_translate="false" value=""/>
      <text id="hint_text" need_translate="false" value=""/>
      <text id="name" need_translate="false" value="Recusar"/>
      <text id="negative_artistic_text" need_translate="false" value="Sua recusa ofendeu muito {person_a}."/>
      <text id="negative_text" need_translate="false" value=""/>
      <text id="positive_artistic_text" need_translate="false" value="Sua recusa foi calmamente aceita por {person_a}."/>
      <text id="positive_text" need_translate="false" value="Não há consequências."/>
    </answer_3>
    <text id="description" need_translate="false" value="Durante uma conversa pessoal, {person_a} descreveu de forma bem colorida as virtudes das sacerdotisas do amor locais, e também sugeriu visitar um dos bordéis locais juntos. Segundo rumores, até mesmo {post} {person_b} às vezes visita este lugar."/>
    <text id="name" need_translate="false" value="Desabafar"/>
  </invitation_to_brothel>
  <participation_in_horse_racing>
    <answer_0>
      <text id="expense_text" need_translate="false" value=""/>
      <text id="hint_text" need_translate="false" value=""/>
      <text id="name" need_translate="false" value="Apostar no favorito (Win x{bet_coef})"/>
      <text id="negative_artistic_text" need_translate="false" value="O cavalo no qual você apostou perdeu a corrida."/>
      <text id="negative_text" need_translate="false" value="Perda: {loss}"/>
      <text id="positive_artistic_text" need_translate="false" value="O cavalo no qual você apostou ganhou a corrida."/>
      <text id="positive_text" need_translate="false" value="Ganho: {winning}"/>
    </answer_0>
    <answer_1>
      <text id="expense_text" need_translate="false" value=""/>
      <text id="hint_text" need_translate="false" value=""/>
      <text id="name" need_translate="false" value="Apostar num estranho (Win x{bet_coef})"/>
      <text id="negative_artistic_text" need_translate="false" value="O cavalo no qual você apostou perdeu a corrida."/>
      <text id="negative_text" need_translate="false" value="Perda: {loss}"/>
      <text id="positive_artistic_text" need_translate="false" value="O cavalo no qual você apostou ganhou a corrida."/>
      <text id="positive_text" need_translate="false" value="Ganho: {winning}"/>
    </answer_1>
    <answer_2>
      <text id="expense_text" need_translate="false" value=""/>
      <text id="hint_text" need_translate="false" value="Requer um item de luxo &quot;Cavalo&quot;"/>
      <text id="name" need_translate="false" value="Apostar no seu cavalo (Win x{bet_coef})"/>
      <text id="negative_artistic_text" need_translate="false" value="O cavalo no qual você apostou perdeu a corrida."/>
      <text id="negative_text" need_translate="false" value="Perda: {loss}"/>
      <text id="positive_artistic_text" need_translate="false" value="Seu cavalo, no qual você apostou, ganhou a corrida. A fama que você ganhou por possuir este cavalo aumentou."/>
      <text id="positive_text" need_translate="false" value="Ganho: {winning}&lt;br&gt;Renome: {popularity}"/>
    </answer_2>
    <answer_3>
      <text id="expense_text" need_translate="false" value=""/>
      <text id="hint_text" need_translate="false" value=""/>
      <text id="name" need_translate="false" value="Recusar uma aposta"/>
      <text id="negative_artistic_text" need_translate="false" value="Sua recusa ofendeu {person}."/>
      <text id="negative_text" need_translate="false" value=""/>
      <text id="positive_artistic_text" need_translate="false" value="Sua recusa foi recebida calmamente por {person}."/>
      <text id="positive_text" need_translate="false" value="Não há consequências."/>
    </answer_3>
    <text id="description" need_translate="false" value="Você assistiu a uma corrida de cavalos realizada em um hipódromo local. As apostas foram aceitas sobre a vitória dos cavalos, e {person} o convidou para participar."/>
    <text id="name" need_translate="false" value="Visita ao hipódromo"/>
  </participation_in_horse_racing>
  <robbery>
    <answer_0>
      <text id="expense_text" need_translate="false" value=""/>
      <text id="hint_text" need_translate="false" value=""/>
      <text id="name" need_translate="false" value="Entregar o exigido ao assaltante"/>
      <text id="negative_artistic_text" need_translate="false" value="O assaltante levou todo o dinheiro disponível e desapareceu."/>
      <text id="negative_text" need_translate="false" value="Dinheiro: {expense}"/>
      <text id="positive_artistic_text" need_translate="false" value="O assaltante levou parte do dinheiro disponível e desapareceu."/>
      <text id="positive_text" need_translate="false" value="Dinheiro: {expense}"/>
    </answer_0>
    <answer_1>
      <text id="expense_text" need_translate="false" value="(Agente &quot;Capanga&quot;)"/>
      <text id="hint_text" need_translate="false" value="Um &quot;Capanga&quot; é necessário"/>
      <text id="name" need_translate="false" value="Mencionar um bandido famoso"/>
      <text id="negative_artistic_text" need_translate="false" value="O ladrão levou todo o dinheiro disponível e desapareceu."/>
      <text id="negative_text" need_translate="false" value="O agente &quot;Bandido&quot; será usado&lt;br&gt;Dinheiro: {expense}"/>
      <text id="positive_artistic_text" need_translate="false" value="Ao ouvir o nome conhecido, o ladrão desapareceu apressadamente pela janela aberta."/>
      <text id="positive_text" need_translate="false" value="O agente &quot;Bandido&quot; será usado.&lt;br&gt;Não há consequências."/>
    </answer_1>
    <answer_2>
      <text id="expense_text" need_translate="false" value=""/>
      <text id="hint_text" need_translate="false" value=""/>
      <text id="name" need_translate="false" value="Resistir ao ladrão"/>
      <text id="negative_artistic_text" need_translate="false" value="O criminoso te feriu antes de fugir apressadamente. Você não poderá gerenciar seus negócios por 2 trimestres."/>
      <text id="negative_text" need_translate="false" value="Tratamento: {treatment} trimestre(s)."/>
      <text id="positive_artistic_text" need_translate="false" value="O ladrão desapareceu apressadamente pela janela aberta."/>
      <text id="positive_text" need_translate="false" value="Reputação: {reputation}"/>
    </answer_2>
    <answer_3>
      <text id="expense_text" need_translate="false" value=""/>
      <text id="hint_text" need_translate="false" value=""/>
      <text id="name" need_translate="false" value="Defender com arma pessoal"/>
      <text id="negative_artistic_text" need_translate="false" value="O ladrão te feriu gravemente antes de fugir apressadamente."/>
      <text id="negative_text" need_translate="false" value="Você está fora dos negócios por {treatment} trimestre(s)."/>
      <text id="positive_artistic_text" need_translate="false" value="O ladrão te feriu facilmente antes de fugir apressadamente."/>
      <text id="positive_text" need_translate="false" value="Você está fora dos negócios por {treatment} trimestre(s)."/>
    </answer_3>
    <text id="description" need_translate="false" value="Uma figura desconhecida saiu do canto escuro do seu escritório. Uma voz rouca ofereceu-se para entregar voluntariamente todos os bens valiosos. Não há tempo para descobrir como o ladrão conseguiu chegar até você, quando não há ninguém da sua segurança por perto. Você precisa agir rapidamente."/>
    <text id="name" need_translate="false" value="Dinheiro ou vida"/>
  </robbery>
  <scandal_after_article>
    <answer_1>
      <text id="expense_text" need_translate="false" value=""/>
      <text id="hint_text" need_translate="false" value=""/>
      <text id="name" need_translate="false" value="Publicar retratação e pedir desculpas"/>
      <text id="negative_artistic_text" need_translate="false" value="A reputação empresarial da publicação foi significativamente abalada, apesar do pedido de desculpas e da retratação publicados."/>
      <text id="negative_text" need_translate="false" value="Boa vontade da empresa de mídia {publisher} {goodwill}"/>
      <text id="positive_artistic_text" need_translate="false" value="O pedido de desculpas e a retratação das informações difamatórias evitaram um processo judicial, mas a reputação da publicação foi afetada."/>
      <text id="positive_text" need_translate="false" value="Boa vontade da empresa de mídia {publisher} {goodwill}"/>
    </answer_1>
    <answer_2>
      <text id="expense_text" need_translate="false" value=""/>
      <text id="hint_text" need_translate="false" value=""/>
      <text id="name" need_translate="false" value="Contratar advogados e ir à justiça"/>
      <text id="negative_artistic_text" need_translate="false" value="O tribunal decidiu a favor do autor da ação e determinou o pagamento de indenização por danos morais."/>
      <text id="negative_text" need_translate="false" value="Boa vontade da empresa de mídia {publisher} {goodwill}&lt;br&gt;Multa: {money}"/>
      <text id="positive_artistic_text" need_translate="false" value="Os advogados provaram que o artigo não continha informações difamatórias nem causou danos reais ao autor da ação."/>
      <text id="positive_text" need_translate="false" value="A reputação empresarial da empresa de mídia não será afetada"/>
    </answer_2>
    <answer_3>
      <text id="expense_text" need_translate="false" value="(Agente &quot;Bandido&quot;)"/>
      <text id="hint_text" need_translate="false" value="É necessário o agente Bandido"/>
      <text id="name" need_translate="false" value="Ameaçar com encrenca"/>
      <text id="negative_artistic_text" need_translate="false" value="As ameaças não funcionaram e o caso foi parar na justiça, que decidiu a favor do autor da ação"/>
      <text id="negative_text" need_translate="false" value="Boa vontade da empresa de mídia {publisher} {goodwill}&lt;br&gt;Multa: {money}"/>
      <text id="positive_artistic_text" need_translate="false" value="Um pedido gentil de caras durões com um Colt na mão pode fazer milagres!"/>
      <text id="positive_text" need_translate="false" value="As acusações foram retiradas"/>
    </answer_3>
    <text id="description" need_translate="false" value="Em resposta a um artigo recente publicado por {publisher}, os advogados de {target} estão ameaçando processar a editora caso um pedido público de retratação e desculpas não seja feito."/>
    <text id="name" need_translate="false" value="Escândalo na mídia!"/>
  </scandal_after_article>
  <scandalous_article>
    <answer_0>
      <text id="expense_text" need_translate="false" value=""/>
      <text id="hint_text" need_translate="false" value=""/>
      <text id="name" need_translate="false" value=""/>
      <text id="negative_artistic_text" need_translate="false" value=""/>
      <text id="negative_text" need_translate="false" value=""/>
      <text id="positive_artistic_text" need_translate="false" value=""/>
      <text id="positive_text" need_translate="false" value=""/>
    </answer_0>
    <answer_1>
      <text id="expense_text" need_translate="false" value="({money})"/>
      <text id="hint_text" need_translate="false" value=""/>
      <text id="name" need_translate="false" value="Subornar o editor"/>
      <text id="negative_artistic_text" need_translate="false" value="O editor recusou o suborno, mencionando-o no artigo, o que fez com que sua reputação piorasse ainda mais."/>
      <text id="negative_text" need_translate="false" value="Reputação: {reputation}"/>
      <text id="positive_artistic_text" need_translate="false" value="Como sua reputação está em jogo, nenhum dinheiro é poupado. Você envia ao editor um suborno que o convence a abandonar a ideia."/>
      <text id="positive_text" need_translate="false" value="O artigo não foi publicado.&lt;br&gt;Dinheiro: {money}"/>
    </answer_1>
    <answer_3>
      <text id="expense_text" need_translate="false" value="(Agente &quot;Jornalista&quot;)"/>
      <text id="hint_text" need_translate="false" value="Agente «Jornalista» necessário"/>
      <text id="name" need_translate="false" value="Escrever um artigo antecipado"/>
      <text id="negative_artistic_text" need_translate="false" value="Ao publicar uma opinião alternativa, você gerou mais perguntas do que respostas sobre sua personalidade. Pode-se dizer que você suavizou as arestas, mas a ambiguidade prejudica sua reputação."/>
      <text id="negative_text" need_translate="false" value="O agente «Jornalista» será utilizado&lt;br&gt;Reputação: {reputation}"/>
      <text id="positive_artistic_text" need_translate="false" value="Com a ajuda de um jornalista que você conhece, você publica uma opinião alternativa, compensando assim os danos de um artigo devastador. Como resultado, sua reputação não foi prejudicada."/>
      <text id="positive_text" need_translate="false" value="O agente «Jornalista» será utilizado"/>
    </answer_3>
    <answer_4>
      <text id="expense_text" need_translate="false" value=""/>
      <text id="hint_text" need_translate="false" value=""/>
      <text id="name" need_translate="false" value="Ignorar os rumores"/>
      <text id="negative_artistic_text" need_translate="false" value="Ao deixar os rumores seguirem seu curso, você errou. O artigo que saiu te colocou em uma luz pior."/>
      <text id="negative_text" need_translate="false" value="Reputação: {reputation}"/>
      <text id="positive_artistic_text" need_translate="false" value="Você decidiu não fazer nada. Afinal, é só um rumor. E foi assim que aconteceu: não houve uma palavra sobre você na próxima edição do jornal."/>
      <text id="positive_text" need_translate="false" value="Sem consequências."/>
    </answer_4>
    <text id="description" need_translate="false" value="Você ouviu rumores de que o jornal local do estado vai publicar um artigo difamatório sobre você, o que fará a população se voltar contra você. O que você vai fazer?"/>
    <text id="name" need_translate="false" value="Artigo escandaloso"/>
  </scandalous_article>
  <social_event>
    <answer_0>
      <text id="expense_text" need_translate="false" value=""/>
      <text id="hint_text" need_translate="false" value=""/>
      <text id="name" need_translate="false" value="Ir sozinho"/>
      <text id="negative_artistic_text" need_translate="false" value="Todos os convidados da recepção vieram em pares. Durante toda a noite, {random_official_post} do estado {state} fez comentários irônicos sobre sua solidão."/>
      <text id="negative_text" need_translate="false" value="{loyalty} {random_official_post} do estado {state}"/>
      <text id="positive_artistic_text" need_translate="false" value="Algumas boas piadas, uma conversa educada, e {random_official_post} do estado {state} tornou-se mais leal a você."/>
      <text id="positive_text" need_translate="false" value="{loyalty} {random_official_post} do estado {state}"/>
    </answer_0>
    <answer_1>
      <text id="expense_text" need_translate="false" value="(Agente &quot;Cortesã&quot;)"/>
      <text id="hint_text" need_translate="false" value="É necessário uma &quot;Cortesã&quot;"/>
      <text id="name" need_translate="false" value="Usar uma acompanhante"/>
      <text id="negative_artistic_text" need_translate="false" value="Infelizmente, {random_official_post} do estado {state} não compareceu ao evento."/>
      <text id="negative_text" need_translate="false" value="Não há consequências."/>
      <text id="positive_artistic_text" need_translate="false" value="Encantado(a) pela beleza de sua charmosa acompanhante, {random_official_post} do estado {state} tornou-se mais leal a você."/>
      <text id="positive_text" need_translate="false" value="{loyalty} {random_official_post} do estado {state}"/>
    </answer_1>
    <answer_2>
      <text id="expense_text" need_translate="false" value=""/>
      <text id="hint_text" need_translate="false" value=""/>
      <text id="name" need_translate="false" value="Alegar falta de tempo"/>
      <text id="negative_artistic_text" need_translate="false" value="Sua recusa ofendeu {person}"/>
      <text id="negative_text" need_translate="false" value=""/>
      <text id="positive_artistic_text" need_translate="false" value="Sua recusa foi recebida com calma por {person}"/>
      <text id="positive_text" need_translate="false" value="Não há consequências."/>
    </answer_2>
    <text id="description" need_translate="false" value="Você recebeu um convite de {person} para um evento social. A carta de apresentação também menciona que {random_official_post} {random_official_name} do estado {state} também prometeu encontrar tempo para participar desta confraternização. Esta é uma ótima oportunidade para se destacar e estabelecer um relacionamento útil com um representante das autoridades."/>
    <text id="name" need_translate="false" value="Evento social"/>
  </social_event>
  <support_in_the_confrontation>
    <answer_0>
      <text id="expense_text" need_translate="false" value=""/>
      <text id="hint_text" need_translate="false" value=""/>
      <text id="name" need_translate="false" value="Apoiar {person_a}"/>
      <text id="negative_artistic_text" need_translate="false" value="Você manteve a lealdade de um personagem fiel, mas sua relação com {person_b} está irremediavelmente arruinada, além disso, os outros convidados claramente não gostaram de suas palavras."/>
      <text id="negative_text" need_translate="false" value="{person_b} é seu inimigo&lt;br&gt;Reputação: {reputation}"/>
      <text id="positive_artistic_text" need_translate="false" value="Você manteve a lealdade de um personagem fiel, mas sua relação com {person_b} está irremediavelmente comprometida."/>
      <text id="positive_text" need_translate="false" value="{person_b} {loyalty_b}"/>
    </answer_0>
    <answer_1>
      <text id="expense_text" need_translate="false" value=""/>
      <text id="hint_text" need_translate="false" value=""/>
      <text id="name" need_translate="false" value="Apoiar {person_b}"/>
      <text id="negative_artistic_text" need_translate="false" value="{person_b} está grato pelo seu apoio, mas sua relação com {person_a} está irremediavelmente arruinada."/>
      <text id="negative_text" need_translate="false" value="{person_b} {loyalty_b}&lt;br&gt;{person_a} é seu inimigo"/>
      <text id="positive_artistic_text" need_translate="false" value="{person_b} está grato pelo seu apoio, mas sua relação com {person_a} foi prejudicada."/>
      <text id="positive_text" need_translate="false" value="{person_b} {loyalty_b}&lt;br&gt;{person_a} {loyalty_a}"/>
    </answer_1>
    <answer_2>
      <text id="expense_text" need_translate="false" value="({influence})"/>
      <text id="hint_text" need_translate="false" value="Influência insuficiente"/>
      <text id="name" need_translate="false" value="Tentar reconciliar os disputantes"/>
      <text id="negative_artistic_text" need_translate="false" value="Você convenceu os disputantes de que um confronto público não é digno de cavalheiros."/>
      <text id="negative_text" need_translate="false" value="Sem consequências"/>
      <text id="positive_artistic_text" need_translate="false" value="Você conseguiu encontrar um compromisso, e todos ficaram satisfeitos."/>
      <text id="positive_text" need_translate="false" value="{person_b} {loyalty_b}&lt;br&gt;Reputação: {reputation}"/>
    </answer_2>
    <answer_3>
      <text id="expense_text" need_translate="false" value=""/>
      <text id="hint_text" need_translate="false" value=""/>
      <text id="name" need_translate="false" value="Recusar interferir na disputa"/>
      <text id="negative_artistic_text" need_translate="false" value="Ambos os lados reagiram negativamente à sua neutralidade."/>
      <text id="negative_text" need_translate="false" value="{person_a} {loyalty_a}&lt;br&gt;{person_b} {loyalty_b} "/>
      <text id="positive_artistic_text" need_translate="false" value="Ambos os lados reagiram calmamente à sua neutralidade."/>
      <text id="positive_text" need_translate="false" value="Não há consequências."/>
    </answer_3>
    <text id="description" need_translate="false" value="Você participou de um evento social organizado por {person_b}. No meio da noite, uma discussão verbal começou entre {person_a} e {person_b} sobre um conflito antigo. Pelos detalhes da disputa que você ouviu, percebeu que {person_a}, leal a você, estava errado nesta situação. Os disputantes pediram para você expressar sua opinião sobre o conflito."/>
    <text id="name" need_translate="false" value="Escolhendo um lado"/>
  </support_in_the_confrontation>
  <tax_problems>
    <answer_0>
      <text id="expense_text" need_translate="false" value=""/>
      <text id="hint_text" need_translate="false" value=""/>
      <text id="name" need_translate="false" value=""/>
      <text id="negative_artistic_text" need_translate="false" value=""/>
      <text id="negative_text" need_translate="false" value=""/>
      <text id="positive_artistic_text" need_translate="false" value=""/>
      <text id="positive_text" need_translate="false" value=""/>
    </answer_0>
    <answer_1>
      <text id="expense_text" need_translate="false" value="{money}"/>
      <text id="hint_text" need_translate="false" value=""/>
      <text id="name" need_translate="false" value="Oferecer suborno"/>
      <text id="negative_artistic_text" need_translate="false" value="O suborno enviado foi rejeitado e usado contra você. É tarde demais para fazer outra coisa; você terá que pagar uma multa."/>
      <text id="negative_text" need_translate="false" value="Dinheiro: {money}"/>
      <text id="positive_artistic_text" need_translate="false" value="Você entrega um envelope com uma quantia impressionante ao tesoureiro. Aparentemente, o tesoureiro ficou satisfeito com o suborno recebido."/>
      <text id="positive_text" need_translate="false" value="Dinheiro: {money}&lt;br&gt;{person} {loyalty}"/>
    </answer_1>
    <answer_2>
      <text id="expense_text" need_translate="false" value="({influence})"/>
      <text id="hint_text" need_translate="false" value="Influência insuficiente"/>
      <text id="name" need_translate="false" value="Resolver pessoalmente"/>
      <text id="negative_artistic_text" need_translate="false" value="Assim que você começou a lidar com a contabilidade, imediatamente se deparou com uma série de erros e inconsistências. Já é tarde demais para fazer algo, teremos que pagar uma multa."/>
      <text id="negative_text" need_translate="false" value="{influence}&lt;br&gt;Dinheiro: {money}"/>
      <text id="positive_artistic_text" need_translate="false" value="Você decide dedicar todo o seu tempo livre para resolver a contabilidade e eliminar a possibilidade de uma multa. Após esse trabalho exaustivo, você obviamente precisa de descanso."/>
      <text id="positive_text" need_translate="false" value="{influence}&lt;br&gt;Não há consequências."/>
    </answer_2>
    <answer_3>
      <text id="expense_text" need_translate="false" value="(Agente &quot;Financista&quot;)"/>
      <text id="hint_text" need_translate="false" value="Agente «Financista» necessário"/>
      <text id="name" need_translate="false" value="Encontrar uma brecha legal"/>
      <text id="negative_artistic_text" need_translate="false" value="Infelizmente, o financista foi incapaz de ajudar. Você terá que pagar uma multa."/>
      <text id="negative_text" need_translate="false" value="O agente &quot;Financista&quot; será usado&lt;br&gt;Dinheiro: {money}"/>
      <text id="positive_artistic_text" need_translate="false" value="Usando as habilidades de um financista, você encontra brechas nas leis para evitar punição."/>
      <text id="positive_text" need_translate="false" value="O agente &quot;Financista&quot; será usado"/>
    </answer_3>
    <answer_4>
      <text id="expense_text" need_translate="false" value=""/>
      <text id="hint_text" need_translate="false" value=""/>
      <text id="name" need_translate="false" value="Esperar que seja um erro"/>
      <text id="negative_artistic_text" need_translate="false" value="Como resultado de uma simples investigação, foram encontradas sérias inconsistências em suas declarações fiscais."/>
      <text id="negative_text" need_translate="false" value="Dinheiro: {money}"/>
      <text id="positive_artistic_text" need_translate="false" value="Você acha que cavar contra você é uma ocupação inútil. E realmente é, sua meticulosidade nos cálculos não deu chance ao tesoureiro."/>
      <text id="positive_text" need_translate="false" value="Sem consequências"/>
    </answer_4>
    <text id="description" need_translate="false" value="O tesoureiro do estado {state} {person} está interessado no histórico dos seus pagamentos de impostos. Obviamente, o oficial está procurando erros para comprometer você. Se seus esforços forem coroados de sucesso, tudo pode acabar em uma grande multa de {money}. O que você vai fazer?"/>
    <text id="name" need_translate="false" value="Problemas com impostos"/>
  </tax_problems>
  <threat_from_ultras>
    <answer_0>
      <text id="expense_text" need_translate="false" value=""/>
      <text id="hint_text" need_translate="false" value=""/>
      <text id="name" need_translate="false" value="Falar contra a discriminação racial"/>
      <text id="negative_artistic_text" need_translate="false" value="Talvez você não tenha tido eloquência suficiente - os conflitos nos negócios do estado são imparáveis."/>
      <text id="negative_text" need_translate="false" value="Dentro de um ano, a rotatividade de pessoal em {state_name} será {tek} vezes maior"/>
      <text id="positive_artistic_text" need_translate="false" value="Seu discurso teve efeito e tranquilizou os trabalhadores de diferentes raças e nacionalidades."/>
      <text id="positive_text" need_translate="false" value="Não há consequências negativas.&lt;br&gt;Reputação: {reputation}"/>
    </answer_0>
    <answer_1>
      <text id="expense_text" need_translate="false" value="(Agente «Atirador»)"/>
      <text id="hint_text" need_translate="false" value="Agente «Atirador» necessário"/>
      <text id="name" need_translate="false" value="Sem líder, sem problema..."/>
      <text id="negative_artistic_text" need_translate="false" value="A tentativa de assassinato do líder de extrema-direita teve um efeito de bomba detonadora."/>
      <text id="negative_text" need_translate="false" value="Dentro de um ano, a rotatividade de pessoal em {state_name} será {tek} vezes maior"/>
      <text id="positive_artistic_text" need_translate="false" value="Um bom tiro no líder dos radicais acalmará seus cúmplices mais rapidamente."/>
      <text id="positive_text" need_translate="false" value="O líder do movimento foi eliminado. Os conflitos nas empresas se acalmaram por conta própria."/>
    </answer_1>
    <answer_2>
      <text id="expense_text" need_translate="false" value=""/>
      <text id="hint_text" need_translate="false" value="Um chefe de polícia leal é necessário."/>
      <text id="name" need_translate="false" value="Conectar o chefe de polícia"/>
      <text id="negative_artistic_text" need_translate="false" value="O uso da polícia e a prisão dos líderes da «Irmandade Branca» causaram um clamor público."/>
      <text id="negative_text" need_translate="false" value="Dentro de um ano, a rotatividade de pessoal em {state_name} será {tek} vezes maior&lt;br&gt; Um movimento grevista começará!"/>
      <text id="positive_artistic_text" need_translate="false" value="É trabalho da polícia impedir tais incidentes! E eles fazem isso com sucesso."/>
      <text id="positive_text" need_translate="false" value="A polícia conseguiu evitar a escalada do conflito.&lt;br&gt;Reputação: {reputation}"/>
    </answer_2>
    <answer_3>
      <text id="expense_text" need_translate="false" value="({money})"/>
      <text id="hint_text" need_translate="false" value="Dinheiro gasto"/>
      <text id="name" need_translate="false" value="Dar dinheiro aos líderes"/>
      <text id="negative_artistic_text" need_translate="false" value="O líder dos ativistas te condenou publicamente por tentar subornar os «irmãos brancos», rejeitando qualquer negociação"/>
      <text id="negative_text" need_translate="false" value="Dentro de um ano, a rotatividade de pessoal em {state_name} se tornará {tek} vezes maior&lt;br&gt;Reputação: {reputation}"/>
      <text id="positive_artistic_text" need_translate="false" value="Uma contribuição generosa no bolso do líder em troca de «silêncio» resolveu o problema. Mesmo que seja apenas temporariamente..."/>
      <text id="positive_text" need_translate="false" value="Sem consequências negativas.&lt;br&gt;Reputação: {reputation}&lt;br&gt;Dinheiro: {money}"/>
    </answer_3>
    <text id="description" need_translate="false" value="Após um conflito racial entre trabalhadores em uma fábrica de {state_name}, o líder de uma célula local de uma organização racista de extrema-direita convocou todos os apoiadores da «Irmandade Branca» a expulsarem os trabalhadores negros e imigrantes de outros países, privando-os de seus empregos. Isso ameaça causar distúrbios e agravar os conflitos raciais. Se nada for feito, a rotatividade em seus negócios em {state_name} vai disparar."/>
    <text id="name" need_translate="false" value="Perseguição racial"/>
  </threat_from_ultras>
</random_events>
