<?xml version="1.0" encoding="UTF-8"?>
<story>
  <episode_10>
    <text id="description" need_translate="false" value="John Harrison planeja expandir-se por todos os Estados Unidos. Para garantir que as novas empresas tenham uma vantagem sobre os concorrentes em outros estados, ele decide criar um truste. Isso deve aumentar a eficiência do desenvolvimento tecnológico tanto nas refinarias controladas antigas quanto nas novas, deixando os concorrentes sem chance."/>
    <text id="name" need_translate="false" value="Episódio 10"/>
  </episode_10>
  <episode_1>
    <text id="description" need_translate="false" value="John Harrison assume o comando da empresa petrolífera de seu pai, que é deficitária. Ele vai salvar a empresa da falência ajustando processos internos e quitando as dívidas do empréstimo da empresa."/>
    <text id="name" need_translate="false" value="Episódio 1. Empréstimos antigos."/>
    <text id="subtarget_1_1_1" need_translate="false" value="Vá para &quot;{estatísticas}&quot; de &quot;Harrison Oil&quot;."/>
    <text id="subtarget_1_1_2" need_translate="false" value="Altere um dos parâmetros da empresa: a taxa dos trabalhadores, taxa diária, número de trabalhadores, nível de pesquisa, tamanho dos dividendos."/>
    <text id="subtarget_1_1_3" need_translate="false" value="Altere a tecnologia sendo desenvolvida na Harrison Oil"/>
    <text id="subtarget_1_1_4" need_translate="false" value="Pague todas as dívidas da Harrison Oil e evite a falência."/>
    <text id="subtarget_1_2_1" need_translate="false" value="Compre qualquer número de ações de qualquer empresa."/>
    <text id="subtarget_1_2_2" need_translate="false" value="Venda as ações compradas quando o preço de oferta exceder o preço de venda."/>
    <text id="subtarget_1_2_3" need_translate="false" value="Continue negociando até que o benefício total de todas as transações na história das transações seja pelo menos {sum}"/>
    <text id="target_1_1" need_translate="false" value="Aprenda a gerenciar uma empresa e tire {fathers_company} da crise"/>
    <text id="target_1_2" need_translate="false" value="Ganhe pelo menos {sum} com a negociação de ações"/>
    <text id="target_1_3" need_translate="false" value="Gerenciando indicadores e desenvolvendo tecnologias, leve a receita da Harrison Oil para {obj1_revenue} por trimestre."/>
  </episode_1>
  <episode_11>
    <text id="description" need_translate="false" value="Ignorando as ameaças dos concorrentes, John Harrison saiu do estado e cruzou a linha invisível. Como resultado de um erro dos executores em uma tentativa de assassinato, Judith, em vez de Ford, queimou no incêndio. Os problemas não vêm sozinhos. Os concorrentes, usando suas conexões no Congresso dos EUA, estão pressionando pela aprovação de uma lei antitruste. Sua aprovação levará a enormes perdas em um monopólio arduamente conquistado. Ele deve impedir a aprovação da lei antitruste e remover todos os políticos hostis do Congresso dos EUA."/>
    <text id="name" need_translate="false" value="Episódio 11"/>
  </episode_11>
  <episode_12>
    <text id="description" need_translate="false" value="John Harrison decide acabar com a Evil Corp. Para isso, ele organiza seu próprio cartel e recruta membros do cartel da Evil Corp, essencialmente desmantelando o cartel rival."/>
    <text id="name" need_translate="false" value="Episódio 12"/>
  </episode_12>
  <episode_13>
    <text id="description" need_translate="false" value="Harrison interrompe as entregas da Evil Corp comprando empresas de transporte que fornecem serviços de entrega para os concorrentes. A corporação recebe um golpe decisivo, levando-a à falência."/>
    <text id="name" need_translate="false" value="Episódio 13"/>
  </episode_13>
  <episode_14>
    <text id="description" need_translate="false" value="Concorrentes Derrotados. John Harrison está tentando atrasar a aprovação da lei antitrust. Ele usa a descredibilização da lei na mídia para ter tempo de vender todos os seus ativos a um preço ainda alto."/>
    <text id="name" need_translate="false" value="Episódio 14"/>
  </episode_14>
  <episode_2>
    <text id="description" need_translate="false" value="Após quitar suas dívidas, John Harrison vai expandir a empresa. Para isso, ele quer criar novos postos de trabalho. Para acelerar o processo, ele decide pegar dinheiro emprestado de antigos colegas de escola em vez de economizar por muito tempo."/>
    <text id="name" need_translate="false" value="Episódio 2. Expansão."/>
    <text id="target_2_1" need_translate="false" value="Aumente o número de postos de trabalho em {mc_sc_name} até {obj21_workplaces} usando a ordem de &quot;Expansão da Empresa&quot; via {management} de &quot;Harrison Oil&quot;."/>
    <text id="target_2_2" need_translate="false" value="Visite {person_1} (Illinois), {person_2} (Flórida) ou {person_3} (Califórnia) e obtenha empréstimos deles para &quot;Harrison Oil&quot; no valor total de pelo menos {obj2_friendsloans} sem perder lealdade."/>
    <text id="target_2_3" need_translate="false" value="Abra um escritório na Pensilvânia para administrar sua empresa mesmo estando fora."/>
  </episode_2>
  <episode_3>
    <text id="description" need_translate="false" value="Insatisfeito com a taxa de expansão da empresa, John Harrison decide comprar uma das empresas rivais do estado. Sua escolha recai sobre &quot;Drake &amp; Sons&quot;, pois seus ativos são baratos. &quot;Drake &amp; Sons&quot; possui excelentes propriedades minerais, mas está em péssimas condições. O problema são os acionistas da empresa, o pai de Drake e os dois filhos, que precisam ser convencidos a vender as ações da empresa antes que encontrem outro comprador."/>
    <text id="name" need_translate="false" value="Episódio 3. Bons vizinhos"/>
    <text id="subtarget_3_1_1" need_translate="false" value="Compre pelo menos {shares} ações da empresa &quot;{company}&quot;."/>
    <text id="subtarget_3_1_2" need_translate="false" value="Acumule {sum} em {reserves} de &quot;Harrison Oil&quot; para compensar os acionistas pelo valor de suas ações durante a aquisição da empresa &quot;{company}&quot;."/>
    <text id="subtarget_3_1_3" need_translate="false" value="Realize uma aquisição bem-sucedida de &quot;Drake &amp; Sons&quot; emitindo uma ordem de {management2} de &quot;Harrison Oil&quot;."/>
    <text id="subtarget_3_2_1" need_translate="false" value="Obtenha lealdade total de {person_1}"/>
    <text id="subtarget_3_2_2" need_translate="false" value="Obtenha lealdade total de {person_2}"/>
    <text id="subtarget_3_2_3" need_translate="false" value="Obtenha lealdade total de {person_3}"/>
    <text id="subtarget_3_3_1" need_translate="false" value="Obtenha o agente &quot;Cortezana&quot; como recompensa por cumprir a ambição de qualquer personagem."/>
    <text id="subtarget_3_3_2" need_translate="false" value="Use com sucesso o agente &quot;Cortezana&quot; em qualquer um dos Drakes."/>
    <text id="target_3_1" need_translate="false" value="Absorver uma empresa concorrente &quot;{company}&quot; e."/>
    <text id="target_3_2" need_translate="false" value="Cumprindo ambições ou usando o agente &quot;Bispo&quot;, aumente totalmente a lealdade de todos os membros da família Drake para alcançar a máxima duração das negociações."/>
    <text id="target_3_3" need_translate="false" value="Reduza as habilidades de qualquer um dos Drakes antes das negociações com a ajuda do agente &quot;Cortezana&quot;."/>
  </episode_3>
  <episode_4>
    <text id="description" need_translate="false" value="A empresa está crescendo e é hora de pressionar a concorrência para fora do estado. John Harrison deve fundir todas as empresas de petróleo antes que os concorrentes o façam. Ford decide comprar todas as outras empresas e fundir-se com elas para criar um monopólio da produção de petróleo no estado."/>
    <text id="name" need_translate="false" value="Episódio 4. O rei do morro."/>
    <text id="subtarget_4_1_1" need_translate="false" value="Compre participações controladoras em empresas de petróleo e funda-se com elas para atingir pelo menos {obj4_marketstake} de participação no mercado de produção de petróleo da Pensilvânia."/>
    <text id="subtarget_4_1_2" need_translate="false" value="Mantenha a propriedade de pelo menos {obj4_companytstake} ações da Harrison Oil após todas as fusões."/>
    <text id="subtarget_4_2_1" need_translate="false" value="Torne-se o maior acionista de {bigest_company}"/>
    <text id="subtarget_4_2_2" need_translate="false" value="Acumule influência suficiente para forçar os acionistas de {bigest_company} durante a votação da fusão."/>
    <text id="subtarget_4_2_3" need_translate="false" value="Inicie o procedimento de fusão da &quot;Harrison Oil&quot; com {bigest_company} emitindo uma ordem de {management2} de &quot;Harrison Oil&quot;."/>
    <text id="subtarget_4_2_4" need_translate="false" value="Realize uma fusão bem-sucedida da &quot;Harrison Oil&quot; com {bigest_company}, forçando os outros acionistas a concordarem durante a votação da fusão."/>
    <text id="target_4_1" need_translate="false" value="Crie um monopólio {mc_sc_name} no mercado de produção de petróleo da Pensilvânia."/>
    <text id="target_4_2" need_translate="false" value="Anexe {bigest_company} - a maior empresa produtora de petróleo da Pensilvânia à &quot;Harrison Oil&quot;, sem comprar uma participação controladora."/>
    <text id="target_4_3" need_translate="false" value="Compre um total de pelo menos {obj4_cheepshares} ações de qualquer empresa de petróleo da Pensilvânia abaixo do valor de mercado durante as negociações."/>
  </episode_4>
  <episode_5>
    <text id="description" need_translate="false" value="Os preços do petróleo bruto caíram consideravelmente. Os antigos amigos de John Harrison começaram uma refinaria e oferecem se juntar ao novo grupo de empresas: transferir o controle da &quot;Harrison Oil&quot; e receber 25% de participação na refinaria, além de um cargo de CEO na empresa mãe."/>
    <text id="name" need_translate="false" value="Episódio 5"/>
  </episode_5>
  <episode_6>
    <text id="description" need_translate="false" value="Devido à crescente pressão dos banqueiros, surgem conflitos entre os companheiros. John Harrison decide comprar a parte de seus amigos no grupo. Para que Eddie concorde em vender sua parte, é necessário ajudar Alvarez a vencer na Assembleia Legislativa do Estado da Pensilvânia."/>
    <text id="name" need_translate="false" value="Episódio 6"/>
  </episode_6>
  <episode_7>
    <text id="description" need_translate="false" value="O chefe de polícia corrupto se recusa a investigar o assassinato de Eddie. Ryan entra em pânico, entrega sua parte das ações para John e foge do país. John Harrison, para conseguir justiça, investiga e coleta evidências contra o Chefe. Ele então ganha o favor do promotor local, entrega as provas que obteve e faz com que o Chefe seja demitido. Henry, agora desprotegido, é forçado a vender sua parte e fugir em direção desconhecida."/>
    <text id="name" need_translate="false" value="Episódio 7"/>
  </episode_7>
  <episode_8>
    <text id="description" need_translate="false" value="Harrison recebe uma notificação do governador exigindo que ele desocupe os lotes ocupados pelas empresas do conglomerado o mais rápido possível. John decide remover o governador do cargo por impeachment para manter o conglomerado."/>
    <text id="name" need_translate="false" value="Episódio 8"/>
  </episode_8>
  <episode_9>
    <text id="description" need_translate="false" value="Enfurecido pela perda de uma peça importante, os concorrentes organizam greves e acidentes nas empresas controladas pelo conglomerado de Harrison. Usando suas conexões com os oficiais do estado, John deve sobreviver aos ataques, mantendo e até aumentando seu controle sobre a indústria petrolífera do estado."/>
    <text id="name" need_translate="false" value="Episódio 9"/>
  </episode_9>
  <links>
    <text id="fathers_company" need_translate="false" value="empresa do pai"/>
    <text id="management" need_translate="false" value="Gestão"/>
    <text id="management2" need_translate="false" value="Gestão"/>
    <text id="reserves" need_translate="false" value="reservas"/>
    <text id="statistics" need_translate="false" value="Estatísticas"/>
  </links>
</story>
